CRIM,ZN,INDUS,CHAS,NOX,RM,AGE,DIS,RAD,TAX,PTRATIO,B,LSTAT,MEDV,Room_Efficiency,Location_Convenience,Quiet_Livability,Edu_Tax_Balance,Composite_Risk,River_Premium_Factor,Highway_Grade_Score
0.00632,18,2.31,0,0.538,6.575,65.2,4.09,1,296.0,15.3,396.9,4.98,24.0,22.21283783783784,1.5910000000000002,1.0461013176577454,-0.506756756756758,0.40449472651459406,0.0,5
0.02731,0,7.07,0,0.469,6.421,78.9,4.9671,2,242.0,17.8,396.9,9.14,21.6,26.533057851239672,3.00658,1.1600079540759365,-5.785123966942151,0.3775456273875145,0.0,4
0.02729,0,7.07,0,0.469,7.185,61.1,4.9671,2,242.0,17.8,392.83,4.03,34.7,29.6900826446281,3.00658,0.8356873701668558,-5.785123966942151,0.2365409875812991,0.0,4
0.03237,0,2.18,0,0.458,6.998,45.8,6.0622,3,222.0,18.7,394.63,2.94,33.4,31.52252252252252,4.18134,0.6254068466548072,-8.333333333333332,0.18388707800735538,0.0,3
0.06905,0,2.18,0,0.458,7.147,54.2,6.0622,3,222.0,18.7,396.9,5.33,36.2,32.193693693693696,4.18134,0.7778648278898737,-8.333333333333332,0.25024857973664416,0.0,3
0.02985,0,2.18,0,0.458,6.43,58.7,6.0622,3,222.0,18.7,394.12,5.21,28.7,28.963963963963963,4.18134,0.8208975448949412,-8.333333333333332,0.24649672290986602,0.0,3
0.08829,12,7.87,0,0.524,6.012,66.6,5.5605,5,311.0,15.2,395.6,12.43,22.9,19.331189710610932,7.2197499999999994,1.2372868103741503,-0.32154340836012746,0.582183416623848,0.0,1
0.14455,12,7.87,0,0.524,6.172,96.1,5.9505,5,311.0,15.2,396.9,19.15,27.1,19.845659163987136,7.02475,1.7265277785847069,-0.32154340836012746,0.7682462290353655,0.0,1
0.21124,12,7.87,0,0.524,5.631,100.0,6.0821,5,311.0,15.2,386.63,29.93,16.5,18.106109324758844,6.95895,2.064153925816913,-0.32154340836012746,1.066457177209407,0.0,1
0.17004,12,7.87,0,0.524,6.004,85.9,6.5921,5,311.0,15.2,386.71,17.1,18.9,19.30546623794212,6.70395,1.5649141056911016,-0.32154340836012746,0.7119654015712433,0.0,1
0.22489,12,7.87,0,0.524,6.377,94.3,6.3467,5,311.0,15.2,392.52,20.45,15.0,20.5048231511254,6.82665,1.7438621531513334,-0.32154340836012746,0.8050211959447958,0.0,1
0.11747,12,7.87,0,0.524,6.009,82.9,6.2267,5,311.0,15.2,396.9,13.27,18.9,19.321543408360128,6.8866499999999995,1.4283337954581425,-0.32154340836012746,0.6056902007353855,0.0,1
0.09378,12,7.87,0,0.524,5.889,39.0,5.4509,5,311.0,15.2,390.5,15.71,21.7,18.935691318327976,7.27455,1.0435514882397587,-0.32154340836012746,0.6727528491694901,0.0,1
0.62976,0,8.14,0,0.538,5.949,61.8,4.7075,4,307.0,21.0,396.9,8.26,20.4,19.377850162866448,6.117000000000001,1.1015935959353,-9.77198697068404,0.502009768068588,0.0,2
0.63796,0,8.14,0,0.538,6.096,84.5,4.4619,4,307.0,21.0,380.02,10.26,18.2,19.85667752442997,6.2152400000000005,1.3905608425552702,-9.77198697068404,0.5572895720606112,0.0,2
0.62739,0,8.14,0,0.538,5.834,56.5,4.4986,4,307.0,21.0,395.62,8.47,19.9,19.003257328990227,6.20056,1.0528053936996038,-9.77198697068404,0.507777831826765,0.0,2
1.05393,0,8.14,0,0.538,5.935,29.3,4.4986,4,307.0,21.0,386.85,6.58,23.1,19.332247557003257,6.20056,0.7205294918847207,-9.77198697068404,0.4604197207044822,0.0,2
0.7842,0,8.14,0,0.538,5.99,81.7,4.2579,4,307.0,21.0,386.75,14.67,17.5,19.5114006514658,6.29684,1.483413332989792,-9.77198697068404,0.6806220161230778,0.0,2
0.80271,0,8.14,0,0.538,5.456,36.6,3.7965,4,307.0,21.0,288.99,11.69,20.2,17.77198697068404,6.4814,0.936714133466304,-9.77198697068404,0.5986004834862484,0.0,2
0.7258,0,8.14,0,0.538,5.727,69.5,3.7965,4,307.0,21.0,390.95,11.28,18.2,18.654723127035833,6.4814,1.2642266203087982,-9.77198697068404,0.5864225678460708,0.0,2
1.25179,0,8.14,0,0.538,5.57,98.1,3.7979,4,307.0,21.0,376.57,21.02,13.6,18.143322475570034,6.480840000000001,1.8275321267960454,-9.77198697068404,0.8610983655360519,0.0,2
0.85204,0,8.14,0,0.538,5.965,89.2,4.0123,4,307.0,21.0,392.53,13.83,19.6,19.429967426710096,6.39508,1.5374744838481273,-9.77198697068404,0.6582057134194055,0.0,2
1.23247,0,8.14,0,0.538,6.142,91.7,3.9769,4,307.0,21.0,396.9,18.72,15.2,20.006514657980457,6.4092400000000005,1.6981549116176828,-9.77198697068404,0.7974154297297668,0.0,2
0.98843,0,8.14,0,0.538,5.813,100.0,4.0952,4,307.0,21.0,394.54,19.88,14.5,18.934853420195438,6.3619200000000005,1.8156426293843513,-9.77198697068404,0.8266813089914272,0.0,2
0.75026,0,8.14,0,0.538,5.924,94.1,4.3996,4,307.0,21.0,394.33,16.3,15.6,19.296416938110752,6.24016,1.6560946564927916,-9.77198697068404,0.7252184636510386,0.0,2
0.84054,0,8.14,0,0.538,5.599,85.7,4.4546,4,307.0,21.0,303.42,16.51,13.9,18.237785016286647,6.218160000000001,1.5753806046175487,-9.77198697068404,0.7320278910707154,0.0,2
0.67191,0,8.14,0,0.538,5.813,90.3,4.682,4,307.0,21.0,376.88,14.81,16.6,18.934853420195438,6.1272,1.575844953744436,-9.77198697068404,0.6832230382547427,0.0,2
0.95577,0,8.14,0,0.538,6.047,88.8,4.4534,4,307.0,21.0,306.38,17.28,14.8,19.697068403908794,6.218640000000001,1.628553694875197,-9.77198697068404,0.7545702891061361,0.0,2
0.77299,0,8.14,0,0.538,6.495,94.4,4.4547,4,307.0,21.0,387.94,12.8,18.4,21.156351791530945,6.218120000000001,1.5626058883990899,-9.77198697068404,0.6288955769247759,0.0,2
1.00245,0,8.14,0,0.538,6.674,87.3,4.239,4,307.0,21.0,380.23,11.98,21.0,21.73941368078176,6.3044,1.4668584624960246,-9.77198697068404,0.6088477204331917,0.0,2
1.13081,0,8.14,0,0.538,5.713,94.1,4.233,4,307.0,21.0,360.17,22.6,12.7,18.60912052117264,6.3068,1.8299357160954406,-9.77198697068404,0.903336813500679,0.0,2
1.35472,0,8.14,0,0.538,6.072,100.0,4.175,4,307.0,21.0,376.73,13.04,14.5,19.778501628664497,6.33,1.6269009075300467,-9.77198697068404,0.6420565984222901,0.0,2
1.38799,0,8.14,0,0.538,5.95,82.0,3.99,4,307.0,21.0,232.6,27.71,13.2,19.381107491856678,6.404,1.8463263309005051,-9.77198697068404,1.0472318697039942,0.0,2
1.15172,0,8.14,0,0.538,5.701,95.0,3.7872,4,307.0,21.0,358.77,18.35,13.1,18.5700325732899,6.485120000000001,1.7219307804677568,-9.77198697068404,0.7862981061748193,0.0,2
1.61282,0,8.14,0,0.538,6.096,96.9,3.7598,4,307.0,21.0,248.31,20.34,13.5,19.85667752442997,6.496080000000001,1.7964099364776962,-9.77198697068404,0.8463924587799464,0.0,2
0.06417,0,5.96,0,0.499,5.933,68.2,3.3603,5,279.0,19.2,396.9,9.68,18.9,21.265232974910393,8.31985,1.1264413368270136,-7.526881720430105,0.4545889822137199,0.0,1
0.09744,0,5.96,0,0.499,5.841,61.4,3.3779,5,279.0,19.2,377.56,11.41,20.0,20.93548387096774,8.31105,1.1041477476867587,-7.526881720430105,0.5027002358353798,0.0,1
0.08014,0,5.96,0,0.499,5.85,41.5,3.9342,5,279.0,19.2,396.9,8.77,21.0,20.96774193548387,8.0329,0.8263567082040107,-7.526881720430105,0.4296581058873138,0.0,1
0.17505,0,5.96,0,0.499,5.966,30.2,3.8473,5,279.0,19.2,393.43,10.13,24.7,21.383512544802866,8.07635,0.74750943075626,-7.526881720430105,0.46825246522289793,0.0,1
0.02763,75,2.95,0,0.428,6.595,21.8,5.4011,3,252.0,18.3,395.63,4.32,30.8,26.17063492063492,4.37967,0.3545900536146174,-6.547619047619049,0.16018487668714637,0.0,3
0.03359,75,2.95,0,0.428,7.024,15.8,5.4011,3,252.0,18.3,395.62,1.98,34.9,27.873015873015873,4.37967,0.22822855014649204,-6.547619047619049,0.09568232922631165,0.0,3
0.12744,0,6.91,0,0.448,6.77,2.9,5.7209,3,233.0,17.9,385.41,4.84,26.6,29.055793991416305,4.283729999999999,0.21544640667157225,-6.223175965665233,0.21680776626877524,0.0,3
0.1415,0,6.91,0,0.448,6.169,6.6,5.7209,3,233.0,17.9,383.37,5.81,25.3,26.476394849785404,4.283729999999999,0.2803174574305586,-6.223175965665233,0.2437318016938315,0.0,3
0.15936,0,6.91,0,0.448,6.211,6.5,5.7209,3,233.0,17.9,394.46,7.44,24.7,26.65665236051502,4.283729999999999,0.3242655162579662,-6.223175965665233,0.28891046873248505,0.0,3
0.12269,0,6.91,0,0.448,6.069,40.0,5.7209,3,233.0,17.9,389.39,9.55,21.2,26.04721030042918,4.283729999999999,0.7274936236459484,-6.223175965665233,0.34672126483124877,0.0,3
0.17142,0,6.91,0,0.448,5.682,33.8,5.1004,3,233.0,17.9,396.9,10.21,19.3,24.386266094420602,4.46988,0.681853844896656,-6.223175965665233,0.36548089881193935,0.0,3
0.18836,0,6.91,0,0.448,5.786,33.3,5.1004,3,233.0,17.9,396.9,14.15,20.0,24.83261802575107,4.46988,0.7854241611087492,-6.223175965665233,0.4743909471267153,0.0,3
0.22927,0,6.91,0,0.448,6.03,85.5,5.6894,3,233.0,17.9,392.74,18.8,16.6,25.879828326180256,4.29318,1.451325532672168,-6.223175965665233,0.6031620239412017,0.0,3
0.25387,0,6.91,0,0.448,5.399,95.3,5.87,3,233.0,17.9,396.9,30.81,14.4,23.171673819742487,4.239,1.8836541781822471,-6.223175965665233,0.9348402880144013,0.0,3
0.21977,0,6.91,0,0.448,5.602,62.0,6.0877,3,233.0,17.9,396.9,16.2,19.4,24.042918454935624,4.17369,1.137563065722231,-6.223175965665233,0.5313113168718882,0.0,3
0.08873,21,5.64,0,0.439,5.963,45.7,6.8147,4,243.0,16.8,395.56,13.45,19.7,24.53909465020576,5.27412,0.875293367859235,-3.703703703703705,0.43543693814043577,0.0,2
0.04337,21,5.64,0,0.439,6.115,63.0,6.8147,4,243.0,16.8,393.97,9.43,20.5,25.164609053497944,5.27412,0.9425330538523735,-3.703703703703705,0.3239999503591375,0.0,2
0.0536,21,5.64,0,0.439,6.511,21.1,6.8147,4,243.0,16.8,396.9,5.28,25.0,26.794238683127574,5.27412,0.3965048018739168,-3.703703703703705,0.20960058430674794,0.0,2
0.04981,21,5.64,0,0.439,5.998,21.4,6.8147,4,243.0,16.8,396.9,8.43,23.4,24.683127572016463,5.27412,0.4865149300274555,-3.703703703703705,0.2964785154218653,0.0,2
0.0136,75,4.0,0,0.41,5.888,47.6,7.3197,3,469.0,21.1,396.9,14.8,18.9,12.554371002132196,3.8040899999999995,0.8724416978260598,-6.503198294243072,0.41217336879088823,0.0,3
0.01311,90,1.22,0,0.403,7.249,21.9,8.6966,5,226.0,17.9,395.93,4.81,35.4,32.07522123893805,5.6517,0.3177005618163434,-6.41592920353982,0.12210231747233137,0.0,1
0.02055,85,0.74,0,0.41,6.383,35.7,9.1876,2,313.0,17.3,396.9,5.77,24.7,20.39297124600639,2.16248,0.5007154444244326,-3.6741214057508,0.16307929968473578,0.0,4
0.01432,100,1.32,0,0.411,6.816,40.5,8.3248,5,256.0,15.1,392.9,3.95,31.6,26.625,5.8376,0.5019858806767079,-0.1953124999999993,0.1148461386036761,0.0,1
0.15445,25,5.13,0,0.453,6.145,29.2,7.8148,8,284.0,19.7,390.68,6.86,23.3,21.637323943661972,9.74816,0.5523287757414255,-8.274647887323944,0.283138932348901,0.0,-2
0.10328,25,5.13,0,0.453,5.927,47.2,6.932,8,284.0,19.7,396.9,9.22,19.6,20.869718309859156,10.4544,0.8028260896778103,-8.274647887323944,0.34768520668984315,0.0,-2
0.14932,25,5.13,0,0.453,5.741,66.2,7.2254,8,284.0,19.7,395.11,13.15,18.7,20.214788732394368,10.21968,1.1069443605939817,-8.274647887323944,0.4566463937985799,0.0,-2
0.17171,25,5.13,0,0.453,5.966,93.4,6.8185,8,284.0,19.7,378.08,14.44,16.0,21.007042253521128,10.545200000000001,1.4226639710181366,-8.274647887323944,0.49249407849027566,0.0,-2
0.11027,25,5.13,0,0.453,6.456,67.8,7.2255,8,284.0,19.7,396.9,6.73,22.2,22.732394366197187,10.2196,0.9462699005916629,-8.274647887323944,0.27905516333298686,0.0,-2
0.1265,25,5.13,0,0.453,6.762,43.4,7.9809,8,284.0,19.7,395.58,9.5,25.0,23.80985915492958,9.61528,0.7714174465321034,-8.274647887323944,0.3556724632070278,0.0,-2
0.01951,17,1.38,0,0.4161,7.104,59.5,9.2229,3,216.0,18.6,393.24,8.05,33.0,32.88888888888889,3.23313,0.8212889279807464,-8.333333333333337,0.23853295794947277,0.0,3
0.03584,80,3.37,0,0.398,6.29,17.8,6.6115,4,337.0,16.1,396.9,4.67,23.5,18.6646884272997,5.3554,0.2613248505012911,-1.632047477744809,0.10820659669052676,0.0,2
0.04379,80,3.37,0,0.398,5.787,31.1,6.6115,4,337.0,16.1,396.9,10.24,19.4,17.172106824925816,5.3554,0.5519946158600506,-1.632047477744809,0.2619935245176609,0.0,2
0.05789,12,6.07,0,0.409,5.878,21.4,6.498,4,345.0,18.9,396.21,8.1,22.0,17.03768115942029,5.4008,0.4156805747008263,-5.652173913043477,0.2257349773470972,0.0,2
0.13554,12,6.07,0,0.409,5.594,36.8,6.498,4,345.0,18.9,396.9,13.09,17.4,16.21449275362319,5.4008,0.7119731135140477,-5.652173913043477,0.36430090135808363,0.0,2
0.12816,12,6.07,0,0.409,5.885,33.0,6.498,4,345.0,18.9,396.9,8.79,20.9,17.057971014492754,5.4008,0.5541847794191136,-5.652173913043477,0.2455645303038941,0.0,2
0.08826,0,10.81,0,0.413,6.417,6.6,5.2873,4,305.0,19.2,383.73,6.72,24.2,21.03934426229508,5.88508,0.2334113718011469,-6.885245901639343,0.19622731130092008,0.0,2
0.15876,0,10.81,0,0.413,5.961,17.5,5.2873,4,305.0,19.2,376.94,9.88,21.7,19.544262295081968,5.88508,0.4328632465894333,-6.885245901639343,0.28421618229409484,0.0,2
0.09164,0,10.81,0,0.413,6.065,7.8,5.2873,4,305.0,19.2,390.91,5.52,22.8,19.885245901639347,5.88508,0.2126571824285468,-6.885245901639343,0.16315271890452376,0.0,2
0.19539,0,10.81,0,0.413,6.245,6.2,5.2873,4,305.0,19.2,377.17,7.54,23.4,20.475409836065573,5.88508,0.25191883889885686,-6.885245901639343,0.22005835823852937,0.0,2
0.07896,0,12.83,0,0.437,6.273,6.0,4.2515,5,398.0,18.7,394.92,6.78,24.1,15.761306532663315,7.87425,0.27827052028517407,-4.64824120603015,0.24716112673166438,0.0,1
0.09512,0,12.83,0,0.437,6.286,45.0,4.5026,5,398.0,18.7,383.23,8.94,21.4,15.79396984924623,7.7486999999999995,0.7395209550796442,-4.64824120603015,0.30694541024200883,0.0,1
0.10153,0,12.83,0,0.437,6.279,74.5,4.0522,5,398.0,18.7,373.66,11.97,20.0,15.776381909547737,7.9739,1.1269407312372204,-4.64824120603015,0.39062672861969616,0.0,1
0.08707,0,12.83,0,0.437,6.14,45.8,4.0905,5,398.0,18.7,386.96,10.27,20.8,15.427135678391958,7.954750000000001,0.7844596632683303,-4.64824120603015,0.34355470943236277,0.0,1
0.05646,0,12.83,0,0.437,6.232,53.7,5.0141,5,398.0,18.7,386.4,12.34,21.2,15.658291457286431,7.49295,0.9229382918413176,-4.64824120603015,0.40032986571064033,0.0,1
0.08387,0,12.83,0,0.437,5.874,36.6,4.5026,5,398.0,18.7,396.06,9.1,20.3,14.758793969849245,7.7486999999999995,0.6574272122551739,-4.64824120603015,0.3112339739919825,0.0,1
0.04113,25,4.86,0,0.426,6.727,33.5,5.4007,4,281.0,19.0,396.9,5.29,28.0,23.93950177935943,5.83972,0.4977351674285341,-7.117437722419928,0.18298739150977358,0.0,2
0.04462,25,4.86,0,0.426,6.619,70.4,5.4007,4,281.0,19.0,395.63,7.22,23.9,23.55516014234875,5.83972,0.9310118353910588,-7.117437722419928,0.23628268890848914,0.0,2
0.03659,25,4.86,0,0.426,6.302,32.2,5.4007,4,281.0,19.0,396.9,6.72,24.8,22.427046263345193,5.83972,0.5238060690501753,-7.117437722419928,0.2223955241522991,0.0,2
0.03551,25,4.86,0,0.426,6.167,46.7,5.4007,4,281.0,19.0,390.64,7.51,22.9,21.94661921708185,5.83972,0.6949357730716548,-7.117437722419928,0.24418250221048643,0.0,2
0.05059,0,4.49,0,0.449,6.389,48.0,4.7794,3,247.0,18.5,396.9,9.62,23.9,25.866396761133604,4.56618,0.81387209353597,-7.08502024291498,0.3499000587126567,0.0,3
0.05735,0,4.49,0,0.449,6.63,56.1,4.4377,3,247.0,18.5,392.3,6.53,26.6,26.842105263157894,4.66869,0.812026348383502,-7.08502024291498,0.2647111388205264,0.0,3
0.05188,0,4.49,0,0.449,6.015,45.1,4.4272,3,247.0,18.5,395.99,12.86,22.5,24.35222672064777,4.67184,0.8734099496411662,-7.08502024291498,0.43931853151156336,0.0,3
0.07151,0,4.49,0,0.449,6.121,56.8,3.7476,3,247.0,18.5,395.15,8.44,22.2,24.781376518218625,4.87572,0.8719396054658206,-7.08502024291498,0.31757448806694655,0.0,3
0.0566,0,3.41,0,0.489,7.007,86.3,3.4217,2,270.0,17.8,396.9,5.5,23.6,25.95185185185185,3.31566,1.17692880903462,-5.185185185185186,0.3185856021962435,0.0,4
0.05302,0,3.41,0,0.489,7.079,63.1,3.4145,2,270.0,17.8,396.06,5.7,28.7,26.218518518518515,3.3171,0.9435186335936305,-5.185185185185186,0.3240641276563136,0.0,4
0.04684,0,3.41,0,0.489,6.417,66.1,3.0923,2,270.0,17.8,392.18,8.81,22.6,23.766666666666666,3.3815399999999998,1.060231394157715,-5.185185185185186,0.4098114429882932,0.0,4
0.03932,0,3.41,0,0.489,6.405,73.9,3.0921,2,270.0,17.8,393.55,8.2,22.0,23.72222222222222,3.3815800000000005,1.1237287217347107,-5.185185185185186,0.39289469042083874,0.0,4
0.04203,28,15.04,0,0.464,6.442,53.6,3.6659,4,270.0,18.2,395.01,8.16,22.9,23.859259259259257,6.53364,0.8621218179240601,-5.925925925925924,0.34038106818995173,0.0,2
0.02875,28,15.04,0,0.464,6.211,28.9,3.6659,4,270.0,18.2,396.33,6.21,25.0,23.003703703703703,6.53364,0.5539369399052224,-5.925925925925924,0.28642385717197605,0.0,2
0.04294,28,15.04,0,0.464,6.249,77.3,3.615,4,270.0,18.2,396.9,10.59,20.6,23.144444444444442,6.553999999999999,1.1732530678814332,-5.925925925925924,0.4074442765029953,0.0,2
0.12204,0,2.89,0,0.445,6.625,57.8,3.4952,2,276.0,18.0,357.98,6.65,28.4,24.003623188405793,3.30096,0.8246148779826311,-5.434782608695651,0.2605190444266074,0.0,4
0.11504,0,2.89,0,0.445,6.163,69.6,3.4952,2,276.0,18.0,391.83,11.34,21.4,22.329710144927535,3.30096,1.0755540908739176,-5.434782608695651,0.38985537715187923,0.0,4
0.12083,0,2.89,0,0.445,8.069,76.0,3.4952,2,276.0,18.0,396.9,4.21,38.7,29.235507246376812,3.30096,0.9447215930279975,-5.434782608695651,0.19317652599605023,0.0,4
0.08187,0,2.89,0,0.445,7.82,36.9,3.4952,2,276.0,18.0,393.53,3.57,43.8,28.333333333333332,3.30096,0.5243838969726349,-5.434782608695651,0.17507858083944194,0.0,4
0.0686,0,2.89,0,0.445,7.416,62.5,3.4952,2,276.0,18.0,396.9,6.19,33.2,26.869565217391305,3.30096,0.860325428767762,-5.434782608695651,0.24722523497843713,0.0,4
0.14866,0,8.56,0,0.52,6.727,79.9,2.7778,5,384.0,20.9,394.76,9.42,27.5,17.518229166666668,8.6111,1.2829711561705954,-7.682291666666664,0.49157411304987475,0.0,1
0.11432,0,8.56,0,0.52,6.781,71.3,2.8561,5,384.0,20.9,395.58,7.67,26.5,17.658854166666664,8.57195,1.14611348685083,-7.682291666666664,0.44289895650650757,0.0,1
0.22876,0,8.56,0,0.52,6.405,85.4,2.7147,5,384.0,20.9,70.8,10.63,18.6,16.6796875,8.64265,1.3730023135991587,-7.682291666666664,0.5258629387085613,0.0,1
0.21161,0,8.56,0,0.52,6.137,87.4,2.7147,5,384.0,20.9,394.47,13.44,19.3,15.981770833333332,8.64265,1.4711382672938318,-7.682291666666664,0.6032088081901129,0.0,1
0.1396,0,8.56,0,0.52,6.167,90.0,2.421,5,384.0,20.9,392.69,12.33,20.1,16.059895833333332,8.7895,1.4672856472735072,-7.682291666666664,0.5717702940793311,0.0,1
0.13262,0,8.56,0,0.52,5.851,96.7,2.1069,5,384.0,20.9,394.05,16.47,19.5,15.236979166666666,8.94655,1.650525087735651,-7.682291666666664,0.6859302511582797,0.0,1
0.1712,0,8.56,0,0.52,5.836,91.9,2.211,5,384.0,20.9,395.67,18.66,19.5,15.197916666666668,8.8945,1.6615219776763828,-7.682291666666664,0.7467943446325569,0.0,1
0.13117,0,8.56,0,0.52,6.127,85.2,2.1224,5,384.0,20.9,387.69,14.09,20.4,15.955729166666666,8.9388,1.4664171950508833,-7.682291666666664,0.6202406643246609,0.0,1
0.12802,0,8.56,0,0.52,6.474,97.1,2.4329,5,384.0,20.9,395.24,12.27,19.8,16.859375,8.78355,1.5387505124701706,-7.682291666666664,0.5699845085322693,0.0,1
0.26363,0,8.56,0,0.52,6.229,91.2,2.5451,5,384.0,20.9,391.23,15.55,19.4,16.221354166666668,8.72745,1.5684961378126068,-7.682291666666664,0.6620164585051576,0.0,1
0.10793,0,8.56,0,0.52,6.195,54.4,2.7778,5,384.0,20.9,393.49,13.0,21.7,16.1328125,8.6111,1.1191411681970673,-7.682291666666664,0.5899021896348149,0.0,1
0.10084,0,10.01,0,0.547,6.715,81.6,2.6775,6,432.0,17.8,395.59,10.16,22.8,15.543981481481481,10.393499999999998,1.3764538617705968,-3.240740740740742,0.5670116093836994,0.0,0
0.12329,0,10.01,0,0.547,5.913,92.9,2.3534,6,432.0,17.8,394.95,16.21,18.8,13.6875,10.587959999999999,1.6597713378938443,-3.240740740740742,0.7342065468273749,0.0,0
0.22212,0,10.01,0,0.547,6.092,95.4,2.548,6,432.0,17.8,396.9,17.09,18.7,14.101851851851851,10.471199999999998,1.7098005515353645,-3.240740740740742,0.7595999329052394,0.0,0
0.14231,0,10.01,0,0.547,6.254,84.2,2.2565,6,432.0,17.8,388.74,10.45,18.5,14.476851851851851,10.6461,1.4112325883286385,-3.240740740740742,0.5754799296905393,0.0,0
0.17134,0,10.01,0,0.547,5.928,88.2,2.4631,6,432.0,17.8,344.91,15.76,18.3,13.722222222222221,10.522139999999998,1.5989504118327753,-3.240740740740742,0.72232939869917,0.0,0
0.13158,0,10.01,0,0.547,6.176,72.5,2.7301,6,432.0,17.8,393.3,12.04,21.2,14.296296296296298,10.361939999999999,1.334612424777715,-3.240740740740742,0.6192334992630406,0.0,0
0.15098,0,10.01,0,0.547,6.021,82.6,2.7474,6,432.0,17.8,394.51,10.3,19.2,13.9375,10.351560000000001,1.3906156576024806,-3.240740740740742,0.5714383055524654,0.0,0
0.13058,0,10.01,0,0.547,5.872,73.1,2.4775,6,432.0,17.8,338.63,15.37,20.4,13.592592592592592,10.5135,1.4326790387006862,-3.240740740740742,0.7111096767226899,0.0,0
0.14476,0,10.01,0,0.547,5.731,65.2,2.7592,6,432.0,17.8,391.5,13.61,19.3,13.266203703703704,10.344479999999999,1.3027544940129085,-3.240740740740742,0.6627039350909988,0.0,0
0.06899,0,25.65,0,0.581,5.87,69.7,2.2577,2,188.0,19.1,389.15,14.37,22.0,31.22340425531915,3.5484600000000004,1.4400286194610032,-10.90425531914894,0.7527824487245057,0.0,4
0.07165,0,25.65,0,0.581,6.004,84.1,2.1974,2,188.0,19.1,377.67,14.27,20.3,31.936170212765955,3.56052,1.5855699584688305,-10.90425531914894,0.7500529645847083,0.0,4
0.09299,0,25.65,0,0.581,5.961,92.9,2.0869,2,188.0,19.1,378.09,17.93,20.5,31.70744680851064,3.5826200000000004,1.7771915542838912,-10.90425531914894,0.8512861985229431,0.0,4
0.15038,0,25.65,0,0.581,5.856,97.0,1.9444,2,188.0,19.1,370.31,25.41,17.3,31.148936170212764,3.6111199999999997,2.0258178311019,-10.90425531914894,1.0583330142902667,0.0,4
0.09849,0,25.65,0,0.581,5.879,95.8,2.0063,2,188.0,19.1,379.38,17.58,18.8,31.271276595744677,3.5987400000000003,1.7973998350440368,-10.90425531914894,0.8416901805522667,0.0,4
0.16902,0,25.65,0,0.581,5.986,88.4,1.9929,2,188.0,19.1,385.02,14.81,21.4,31.840425531914892,3.6014200000000005,1.64475486376889,-10.90425531914894,0.7660480421598419,0.0,4
0.38735,0,25.65,0,0.581,5.613,95.6,1.7572,2,188.0,19.1,359.29,27.26,15.7,29.856382978723406,3.64856,2.062448270579647,-10.90425531914894,1.1120450650767157,0.0,4
0.25915,0,21.89,0,0.624,5.693,96.0,1.7883,4,437.0,21.2,392.11,17.19,16.2,13.027459954233409,7.284680000000001,1.8771753441300172,-7.093821510297482,0.9212117370672968,0.0,2
0.32543,0,21.89,0,0.624,6.431,98.8,1.8125,4,437.0,21.2,396.9,15.39,18.0,14.7162471395881,7.275,1.8563427212451642,-7.093821510297482,0.8722878341145845,0.0,2
0.88125,0,21.89,0,0.624,5.637,94.7,1.9799,4,437.0,21.2,396.9,18.34,14.3,12.899313501144164,7.2080400000000004,1.895519976435985,-7.093821510297482,0.9599368829072871,0.0,2
0.34006,0,21.89,0,0.624,6.458,98.9,2.1185,4,437.0,21.2,395.04,12.6,19.2,14.778032036613272,7.1526,1.7803858323956816,-7.093821510297482,0.7954655168203117,0.0,2
1.19294,0,21.89,0,0.624,6.326,97.7,2.271,4,437.0,21.2,396.9,12.26,19.6,14.475972540045765,7.0916,1.7586455405320784,-7.093821510297482,0.7956697839308109,0.0,2
0.59005,0,21.89,0,0.624,6.372,97.9,2.3274,4,437.0,21.2,385.76,11.12,23.0,14.581235697940503,7.06904,1.729248319124504,-7.093821510297482,0.7574364920490135,0.0,2
0.32982,0,21.89,0,0.624,5.822,95.4,2.4699,4,437.0,21.2,388.69,15.03,18.4,13.322654462242562,7.012040000000001,1.8113934984189661,-7.093821510297482,0.8624034018216908,0.0,2
0.97617,0,21.89,0,0.624,5.757,98.4,2.346,4,437.0,21.2,262.76,17.31,15.6,13.17391304347826,7.0616,1.9052033892258766,-7.093821510297482,0.9325821272673918,0.0,2
0.55778,0,21.89,0,0.624,6.335,98.2,2.1107,4,437.0,21.2,394.67,16.96,18.1,14.496567505720824,7.15572,1.8934858203464753,-7.093821510297482,0.9182216878992717,0.0,2
0.32264,0,21.89,0,0.624,5.942,93.5,1.9669,4,437.0,21.2,378.25,16.9,17.4,13.597254004576659,7.213240000000001,1.8434264836893797,-7.093821510297482,0.9139231418539379,0.0,2
0.35233,0,21.89,0,0.624,6.454,98.4,1.8498,4,437.0,21.2,394.08,14.59,17.1,14.768878718535468,7.260079999999999,1.8301482015879076,-7.093821510297482,0.8505151284411867,0.0,2
0.2498,0,21.89,0,0.624,5.857,98.2,1.6686,4,437.0,21.2,392.04,21.32,13.3,13.402745995423341,7.33256,2.013794871119102,-7.093821510297482,1.0350691177278217,0.0,2
0.54452,0,21.89,0,0.624,6.151,97.9,1.6687,4,437.0,21.2,396.9,18.46,17.8,14.075514874141875,7.33252,1.9317869504710825,-7.093821510297482,0.9594633771731625,0.0,2
0.2909,0,21.89,0,0.624,6.174,93.6,1.6119,4,437.0,21.2,388.08,24.16,14.0,14.128146453089245,7.355240000000001,2.044787475634599,-7.093821510297482,1.113897517734467,0.0,2
1.62864,0,21.89,0,0.624,5.019,100.0,1.4394,4,437.0,21.2,396.9,34.41,14.4,11.48512585812357,7.424240000000001,2.3935355517401136,-7.093821510297482,1.4117700373885151,0.0,2
3.32105,0,19.58,1,0.871,5.403,100.0,1.3216,5,403.0,14.7,396.9,26.82,13.4,13.406947890818858,9.3392,2.692328918322296,0.3722084367245666,1.7295856843199569,1.086275489611962,1
4.0974,0,19.58,0,0.871,5.468,100.0,1.4118,5,403.0,14.7,396.9,26.42,15.6,13.568238213399503,9.2941,2.681291390728477,0.3722084367245666,1.7272741435432495,0.0,1
2.77974,0,19.58,0,0.871,4.903,97.8,1.3459,5,403.0,14.7,396.9,29.29,11.8,12.16625310173697,9.32705,2.7378285966312235,0.3722084367245666,1.791658223325049,0.0,1
2.37934,0,19.58,0,0.871,6.13,100.0,1.4191,5,403.0,14.7,172.91,27.8,13.8,15.210918114143919,9.29045,2.7193708609271523,0.3722084367245666,1.7460430335770423,0.0,1
2.15505,0,19.58,0,0.871,5.628,100.0,1.5166,5,403.0,14.7,169.27,16.65,15.6,13.965260545905707,9.2417,2.411699779249448,0.3722084367245666,1.4358509863770736,0.0,1
2.36862,0,19.58,0,0.871,4.926,95.7,1.4608,5,403.0,14.7,391.71,29.53,14.6,12.22332506203474,9.2696,2.7228239247220154,0.3722084367245666,1.793659850204969,0.0,1
2.33099,0,19.58,0,0.871,5.186,93.8,1.5296,5,403.0,14.7,356.99,28.32,17.8,12.86848635235732,9.2352,2.6698679475200233,0.3722084367245666,1.7598483771064972,0.0,1
2.73397,0,19.58,0,0.871,5.597,94.9,1.5257,5,403.0,14.7,351.85,21.45,15.4,13.88833746898263,9.23715,2.4916269383876344,0.3722084367245666,1.5748082387216331,0.0,1
1.6566,0,19.58,0,0.871,6.122,97.3,1.618,5,403.0,14.7,372.8,14.1,21.5,15.19106699751861,9.191,2.313529155668924,0.3722084367245666,1.3598842901459207,0.0,1
1.49632,0,19.58,0,0.871,5.404,100.0,1.5916,5,403.0,14.7,341.6,13.28,19.6,13.40942928039702,9.2042,2.318708609271523,0.3722084367245666,1.3354558500231122,0.0,1
1.12658,0,19.58,1,0.871,5.012,88.0,1.6102,5,403.0,14.7,343.28,12.12,15.3,12.436724565756823,9.1949,2.1631158451608794,0.3722084367245666,1.2992912315476866,1.086275489611962,1
2.14918,0,19.58,0,0.871,5.709,98.5,1.6232,5,403.0,14.7,261.95,15.79,19.4,14.16625310173697,9.1884,2.372521103161666,0.3722084367245666,1.412054324665657,0.0,1
1.41385,0,19.58,1,0.871,6.129,96.0,1.7494,5,403.0,14.7,321.02,15.12,17.0,15.208436724565754,9.1253,2.3282865915069006,0.3722084367245666,1.3853015340387174,1.086275489611962,1
3.53501,0,19.58,1,0.871,6.152,82.6,1.7455,5,403.0,14.7,88.01,15.02,15.6,15.265508684863523,9.12725,2.187525149876211,0.3722084367245666,1.4063834791151895,1.086275489611962,1
2.44668,0,19.58,0,0.871,5.272,94.0,1.7364,5,403.0,14.7,88.63,16.14,13.1,13.081885856079404,9.1318,2.3358349645230447,0.3722084367245666,1.4250559895811197,0.0,1
1.22358,0,19.58,0,0.605,6.943,97.4,1.8773,5,403.0,14.7,363.43,4.59,41.3,17.228287841191065,9.061350000000001,1.504816700362624,0.3722084367245666,0.5452749283260729,0.0,1
1.34284,0,19.58,0,0.605,6.066,100.0,1.7573,5,403.0,14.7,353.89,6.43,24.3,15.052109181141438,9.12135,1.5823658463467145,0.3722084367245666,0.597388008903301,0.0,1
1.42502,0,19.58,0,0.871,6.51,100.0,1.7659,5,403.0,14.7,364.31,7.39,23.3,16.153846153846153,9.11705,2.1561810154525385,0.3722084367245666,1.172126861395008,0.0,1
1.27346,0,19.58,1,0.605,6.25,92.6,1.7984,5,403.0,14.7,338.92,5.5,27.0,15.508684863523571,9.1008,1.4804935020031347,0.3722084367245666,0.570945942775628,1.086275489611962,1
1.46336,0,19.58,0,0.605,7.489,90.8,1.9709,5,403.0,14.7,374.43,1.73,50.0,18.583126550868485,9.01455,1.3579272143181056,0.3722084367245666,0.46905167541779474,0.0,1
1.83377,0,19.58,1,0.605,7.802,98.2,2.0407,5,403.0,14.7,389.61,1.92,50.0,19.359801488833746,8.97965,1.4393801326131204,0.3722084367245666,0.47845782011666826,1.086275489611962,1
1.51902,0,19.58,1,0.605,8.375,93.9,2.162,5,403.0,14.7,388.45,3.32,50.0,20.781637717121587,8.919,1.433727236143083,0.3722084367245666,0.5135514525832476,1.086275489611962,1
2.24236,0,19.58,0,0.605,5.854,91.8,2.422,5,403.0,14.7,395.11,11.64,22.7,14.52605459057072,8.789,1.641680621629018,0.3722084367245666,0.7512621937328399,0.0,1
2.924,0,19.58,0,0.605,6.101,93.0,2.2834,5,403.0,14.7,240.16,9.81,25.0,15.13895781637717,8.8583,1.6035423262961532,0.3722084367245666,0.7084269742434088,0.0,1
2.01019,0,19.58,0,0.605,7.929,96.2,2.0459,5,403.0,14.7,369.3,3.7,50.0,19.674937965260547,8.97705,1.46789980805752,0.3722084367245666,0.5295577361731865,0.0,1
1.80028,0,19.58,0,0.605,5.877,79.2,2.4259,5,403.0,14.7,227.61,12.14,23.8,14.583126550868485,8.78705,1.5257144003282952,0.3722084367245666,0.7600902306133939,0.0,1
2.3004,0,19.58,0,0.605,6.319,96.1,2.1,5,403.0,14.7,297.09,11.1,23.8,15.679900744416873,8.95,1.6710642024257663,0.3722084367245666,0.7370138870873737,0.0,1
2.44953,0,19.58,0,0.605,6.402,95.2,2.2625,5,403.0,14.7,330.04,11.32,22.3,15.885856079404466,8.86875,1.6678660475457243,0.3722084367245666,0.7447607125077893,0.0,1
1.20742,0,19.58,0,0.605,5.875,94.6,2.4259,5,403.0,14.7,292.29,14.43,17.4,14.578163771712157,8.78705,1.7475036278832383,0.3722084367245666,0.816616472630298,0.0,1
2.3139,0,19.58,0,0.605,5.88,97.3,2.3887,5,403.0,14.7,348.13,12.03,19.1,14.590570719602976,8.80565,1.7090848474902525,0.3722084367245666,0.7628278754880675,0.0,1
0.13914,0,4.05,0,0.51,5.572,88.5,2.5961,5,296.0,16.6,396.9,14.69,23.1,18.824324324324326,8.70195,1.4963829366287253,-2.7027027027027053,0.6163104049065291,0.0,1
0.09178,0,4.05,0,0.51,6.416,84.1,2.6463,5,296.0,16.6,395.5,9.04,23.6,21.675675675675677,8.67685,1.2951637502002233,-2.7027027027027053,0.45987301266263114,0.0,1
0.08447,0,4.05,0,0.51,5.859,68.7,2.7019,5,296.0,16.6,393.23,9.64,22.6,19.79391891891892,8.649049999999999,1.1531206595106227,-2.7027027027027053,0.47634714141584683,0.0,1
0.06664,0,4.05,0,0.51,6.546,33.1,3.1323,5,296.0,16.6,390.96,5.33,29.4,22.114864864864867,8.43385,0.6675589618911366,-2.7027027027027053,0.3572173766913729,0.0,1
0.07022,0,4.05,0,0.51,6.02,47.2,3.5549,5,296.0,16.6,393.23,10.11,23.2,20.33783783783784,8.22255,0.9446685391913414,-2.7027027027027053,0.48915606977434906,0.0,1
0.05425,0,4.05,0,0.51,6.315,73.4,3.3175,5,296.0,16.6,395.6,6.29,24.6,21.334459459459463,8.34125,1.1090850734304114,-2.7027027027027053,0.3835681823038457,0.0,1
0.06642,0,4.05,0,0.51,6.86,74.4,2.9153,5,296.0,16.6,391.27,6.92,29.9,23.175675675675677,8.54235,1.1367678405647235,-2.7027027027027053,0.4010890761298467,0.0,1
0.0578,0,2.46,0,0.488,6.98,58.4,2.829,3,193.0,17.8,396.9,5.04,37.2,36.16580310880829,5.1513,0.874845392377082,-7.253886010362696,0.30384832000529965,0.0,3
0.06588,0,2.46,0,0.488,7.765,83.3,2.741,3,193.0,17.8,395.56,7.56,39.8,40.233160621761655,5.1777,1.2008184794519212,-7.253886010362696,0.3734755610982202,0.0,3
0.06888,0,2.46,0,0.488,6.144,62.2,2.5979,3,193.0,17.8,396.9,9.45,36.2,31.83419689119171,5.22063,1.0356690465603164,-7.253886010362696,0.42566159825569594,0.0,3
0.09103,0,2.46,0,0.488,7.155,92.2,2.7006,3,193.0,17.8,394.12,4.82,37.9,37.07253886010363,5.189819999999999,1.216869499883283,-7.253886010362696,0.2981511770167363,0.0,3
0.10008,0,2.46,0,0.488,6.563,95.6,2.847,3,193.0,17.8,396.9,5.68,32.5,34.005181347150256,5.145899999999999,1.275615632201755,-7.253886010362696,0.321983581161435,0.0,3
0.08308,0,2.46,0,0.488,5.604,89.8,2.9879,3,193.0,17.8,391.0,13.98,26.4,29.036269430051814,5.10363,1.4449120949640237,-7.253886010362696,0.5508212028319863,0.0,3
0.06047,0,2.46,0,0.488,6.153,68.8,3.2797,3,193.0,17.8,387.11,13.15,29.6,31.880829015544037,5.01609,1.2057373405518546,-7.253886010362696,0.5276642021262257,0.0,3
0.05602,0,2.46,0,0.488,7.831,53.6,3.1992,3,193.0,17.8,392.63,4.45,50.0,40.575129533678755,5.04024,0.8091314655407716,-7.253886010362696,0.2875479600335859,0.0,3
0.07875,45,3.44,0,0.437,6.782,41.1,3.7886,5,398.0,15.2,393.87,6.68,32.0,17.040201005025125,8.1057,0.6369941455957822,-0.25125628140703427,0.24439938448384196,0.0,1
0.12579,45,3.44,0,0.437,6.556,29.1,4.5667,5,398.0,15.2,382.84,4.56,29.8,16.472361809045225,7.71665,0.454911315259973,-0.25125628140703427,0.18642920649496025,0.0,1
0.0837,45,3.44,0,0.437,7.185,38.9,4.5667,5,398.0,15.2,396.9,5.39,34.9,18.052763819095475,7.71665,0.5787410645228117,-0.25125628140703427,0.20885899480029946,0.0,1
0.09068,45,3.44,0,0.437,6.951,21.5,6.4798,5,398.0,15.2,377.68,5.1,37.0,17.464824120603012,6.7600999999999996,0.39154215258886865,-0.25125628140703427,0.20093524081185865,0.0,1
0.06911,45,3.44,0,0.437,6.739,30.8,6.4798,5,398.0,15.2,389.71,4.69,30.5,16.9321608040201,6.7600999999999996,0.4760062357238447,-0.25125628140703427,0.18937933342885743,0.0,1
0.08664,45,3.44,0,0.437,7.178,26.3,6.4798,5,398.0,15.2,390.49,2.87,36.4,18.035175879396984,6.7600999999999996,0.3794415098887552,-0.25125628140703427,0.13935561585038733,0.0,1
0.02187,60,2.93,0,0.401,6.8,9.9,6.2196,1,265.0,15.6,393.37,5.03,31.1,25.660377358490564,1.3780400000000002,0.1960720415669268,-1.1320754716981125,0.12415619159939195,0.0,5
0.01439,60,2.93,0,0.401,6.604,18.8,6.2196,1,265.0,15.6,376.7,4.38,29.1,24.920754716981133,1.3780400000000002,0.2697941436759926,-1.1320754716981125,0.10613613586291135,0.0,5
0.01381,80,0.46,0,0.422,7.875,32.0,5.6484,4,255.0,14.4,394.23,2.97,50.0,30.88235294117647,5.740640000000001,0.41003906294841574,1.1764705882352935,0.11043220857775084,0.0,2
0.04011,80,1.52,0,0.404,7.287,34.1,7.309,2,329.0,12.6,396.9,4.08,33.3,22.148936170212764,2.5382,0.42525835344972596,3.6474164133738607,0.10431991627246542,0.0,4
0.04666,80,1.52,0,0.404,7.107,36.6,7.309,2,329.0,12.6,354.31,8.61,30.3,21.601823708206688,2.5382,0.5760050063848443,3.6474164133738607,0.22939353669321902,0.0,4
0.03768,80,1.52,0,0.404,7.274,38.3,7.309,2,329.0,12.6,392.2,6.62,34.6,22.109422492401215,2.5382,0.5386010306014755,3.6474164133738607,0.17438090387910432,0.0,4
0.0315,95,1.47,0,0.403,6.975,15.3,7.6534,3,402.0,17.0,396.9,4.56,34.9,17.350746268656714,3.7039799999999996,0.24283094332149385,-2.487562189054726,0.11541056189224935,0.0,3
0.01778,95,1.47,0,0.403,7.135,13.9,7.6534,3,402.0,17.0,384.3,4.45,32.9,17.74875621890547,3.7039799999999996,0.2253774975895273,-2.487562189054726,0.11222103231192782,0.0,3
0.03445,82,2.03,0,0.415,6.162,38.4,6.27,2,348.0,14.7,393.77,7.43,24.1,17.70689655172414,2.7460000000000004,0.5846156349523306,0.4310344827586217,0.2193293376913282,0.0,4
0.02177,82,2.03,0,0.415,7.61,15.7,6.27,2,348.0,14.7,395.38,3.11,42.3,21.867816091954026,2.7460000000000004,0.2316307282882102,0.4310344827586217,0.09998151953531126,0.0,4
0.0351,95,2.68,0,0.4161,7.853,33.2,5.118,4,224.0,14.7,392.78,3.81,48.5,35.058035714285715,5.9528,0.4334363466088193,0.6696428571428588,0.12171039329614405,0.0,2
0.02009,95,2.68,0,0.4161,8.034,31.9,5.118,4,224.0,14.7,390.55,2.88,50.0,35.86607142857143,5.9528,0.3943858354269285,0.6696428571428588,0.09587943285952072,0.0,2
0.13642,0,10.59,0,0.489,5.891,22.3,3.9454,4,277.0,18.6,396.9,10.87,22.6,21.26714801444043,6.42184,0.665993301842608,-6.498194945848377,0.4676615676981572,0.0,2
0.22969,0,10.59,0,0.489,6.326,52.5,4.3549,4,277.0,18.6,394.87,10.97,24.4,22.83754512635379,6.25804,0.9797722511972935,-6.498194945848377,0.4714692819086259,0.0,2
0.25199,0,10.59,0,0.489,5.783,72.7,4.3549,4,277.0,18.6,389.43,18.06,22.5,20.87725631768953,6.25804,1.3834453835134919,-6.498194945848377,0.6673601051323965,0.0,2
0.13587,0,10.59,1,0.489,6.064,59.1,4.2392,4,277.0,18.6,381.32,14.66,24.4,21.891696750902526,6.304320000000001,1.1495646069989862,-6.498194945848377,0.5722359597822007,1.086275489611962,2
0.43571,0,10.59,1,0.489,5.344,100.0,3.875,4,277.0,18.6,396.9,23.09,20.0,19.292418772563177,6.45,1.8033957430572587,-6.498194945848377,0.8082219831286178,1.086275489611962,2
0.17446,0,10.59,1,0.489,5.96,92.1,3.8771,4,277.0,18.6,393.25,17.27,21.7,21.516245487364618,6.449160000000001,1.5614402932922185,-6.498194945848377,0.6446895696275767,1.086275489611962,2
0.37578,0,10.59,1,0.489,5.404,88.6,3.665,4,277.0,18.6,395.24,23.98,19.3,19.50902527075812,6.534000000000001,1.710549504569366,-6.498194945848377,0.8321068832743665,1.086275489611962,2
0.21719,0,10.59,1,0.489,5.807,53.8,3.6526,4,277.0,18.6,390.94,16.03,22.4,20.96389891696751,6.53896,1.132785234785365,-6.498194945848377,0.610953508984265,1.086275489611962,2
0.14052,0,10.59,0,0.489,6.375,32.3,3.9454,4,277.0,18.6,385.81,9.38,28.1,23.014440433212993,6.42184,0.727865123296106,-6.498194945848377,0.4265928604226456,0.0,2
0.28955,0,10.59,0,0.489,5.412,9.8,3.5875,4,277.0,18.6,348.93,29.55,23.7,19.537906137184113,6.565000000000001,1.0527125757983624,-6.498194945848377,0.9848352506088938,0.0,2
0.19802,0,10.59,0,0.489,6.182,42.4,3.9454,4,277.0,18.6,393.63,9.47,25.0,22.31768953068592,6.42184,0.8343650448625938,-6.498194945848377,0.4297225902676417,0.0,2
0.0456,0,13.89,1,0.55,5.888,56.0,3.1121,5,276.0,16.4,392.8,13.51,23.3,21.333333333333332,8.443950000000001,1.211420268819391,-2.536231884057968,0.6650028582068193,1.086275489611962,1
0.07013,0,13.89,0,0.55,6.642,85.1,3.4211,5,276.0,16.4,392.78,9.69,28.7,24.065217391304348,8.28945,1.4057029204631981,-2.536231884057968,0.55987018097151,0.0,1
0.11069,0,13.89,1,0.55,5.951,93.8,2.8893,5,276.0,16.4,396.9,17.92,21.5,21.561594202898547,8.55535,1.722398402920236,-2.536231884057968,0.7874231958350635,1.086275489611962,1
0.11425,0,13.89,1,0.55,6.373,92.4,3.3633,5,276.0,16.4,393.74,10.5,23.0,23.090579710144926,8.31835,1.5032341404112275,-2.536231884057968,0.5827170725113828,1.086275489611962,1
0.35809,0,6.2,1,0.507,6.951,88.5,2.8617,8,307.0,17.4,391.7,9.71,26.7,22.64169381107492,13.710640000000001,1.352792878579506,-3.9087947882736134,0.4751812920670821,1.086275489611962,-2
0.40771,0,6.2,1,0.507,6.164,91.3,3.048,8,307.0,17.4,395.24,21.46,21.7,20.078175895765472,13.561599999999999,1.7058565029352712,-3.9087947882736134,0.7999663819718192,1.086275489611962,-2
0.62356,0,6.2,1,0.507,6.879,77.7,3.2721,8,307.0,17.4,390.39,9.93,27.5,22.407166123778502,13.38232,1.2476379780763946,-3.9087947882736134,0.4842357510371888,1.086275489611962,-2
0.6147,0,6.2,0,0.507,6.618,80.8,3.2721,8,307.0,17.4,396.9,7.6,30.1,21.55700325732899,13.38232,1.215270229481946,-3.9087947882736134,0.41984256853939517,0.0,-2
0.31533,0,6.2,0,0.504,8.266,78.3,2.8944,8,307.0,17.4,385.05,4.14,44.8,26.925081433224758,13.68448,1.0878761233541208,-3.9087947882736134,0.3148302687266859,0.0,-2
0.52693,0,6.2,0,0.504,8.725,83.0,2.8944,8,307.0,17.4,382.0,4.63,50.0,28.420195439739413,13.68448,1.1498008021745714,-3.9087947882736134,0.3307295730110177,0.0,-2
0.38214,0,6.2,0,0.504,8.04,86.5,3.2157,8,307.0,17.4,387.38,3.13,37.6,26.188925081433222,13.427440000000002,1.1444553878069161,-3.9087947882736134,0.28771143984398,0.0,-2
0.41238,0,6.2,0,0.504,7.163,79.9,3.2157,8,307.0,17.4,372.08,6.36,31.6,23.33224755700326,13.427440000000002,1.165612259378292,-3.9087947882736134,0.37717936547301334,0.0,-2
0.29819,0,6.2,0,0.504,7.686,17.0,3.3751,8,307.0,17.4,377.51,3.92,46.7,25.035830618892508,13.29992,0.45049755320841617,-3.9087947882736134,0.30856697908264774,0.0,-2
0.44178,0,6.2,0,0.504,6.552,21.4,3.3751,8,307.0,17.4,380.34,3.76,31.5,21.34201954397394,13.29992,0.491396651336697,-3.9087947882736134,0.30576588502466423,0.0,-2
0.537,0,6.2,0,0.504,5.981,68.1,3.6715,8,307.0,17.4,378.35,11.65,24.3,19.482084690553744,13.0628,1.1900593599527887,-3.9087947882736134,0.5245513666546002,0.0,-2
0.46296,0,6.2,0,0.504,7.412,76.9,3.6715,8,307.0,17.4,376.14,5.25,31.7,24.143322475570034,13.0628,1.104087136783302,-3.9087947882736134,0.3471187334050082,0.0,-2
0.57529,0,6.2,0,0.507,8.337,73.3,3.8384,8,307.0,17.4,385.91,2.47,41.7,27.156351791530945,12.92928,0.9964739792858623,-3.9087947882736134,0.27784331825066666,0.0,-2
0.33147,0,6.2,0,0.507,8.247,70.4,3.6519,8,307.0,17.4,378.95,3.95,48.3,26.863192182410423,13.078479999999999,1.0074467139782552,-3.9087947882736134,0.31594169233433883,0.0,-2
0.44791,0,6.2,1,0.507,6.726,66.5,3.6519,8,307.0,17.4,360.2,8.05,29.0,21.908794788273617,13.078479999999999,1.080416593236115,-3.9087947882736134,0.430385107696564,1.086275489611962,-2
0.33045,0,6.2,0,0.507,6.086,61.5,3.6519,8,307.0,17.4,376.75,10.88,24.0,19.824104234527688,13.078479999999999,1.1070137950921475,-3.9087947882736134,0.5071553933431812,0.0,-2
0.52058,0,6.2,1,0.507,6.631,76.5,4.148,8,307.0,17.4,388.45,9.54,25.1,21.599348534201955,12.681600000000001,1.2245179952635645,-3.9087947882736134,0.47231669126234366,1.086275489611962,-2
0.51183,0,6.2,0,0.507,7.358,71.6,4.148,8,307.0,17.4,390.07,4.73,31.5,23.96742671009772,12.681600000000001,1.041328286195059,-3.9087947882736134,0.33949207405635073,0.0,-2
0.08244,30,4.93,0,0.428,6.481,18.5,6.1899,6,300.0,16.6,379.41,6.36,23.7,21.603333333333335,8.286059999999999,0.37689586246873785,-2.666666666666669,0.217092318600586,0.0,0
0.09252,30,4.93,0,0.428,6.606,42.2,6.1899,6,300.0,16.6,383.78,7.37,23.3,22.02,8.286059999999999,0.6488438894680535,-2.666666666666669,0.24507537254462725,0.0,0
0.11329,30,4.93,0,0.428,6.897,54.3,6.3361,6,300.0,16.6,391.25,11.38,22.0,22.990000000000002,8.19834,0.884108903802062,-2.666666666666669,0.3559600364648844,0.0,0
0.10612,30,4.93,0,0.428,6.095,65.1,6.3361,6,300.0,16.6,394.62,12.4,20.1,20.316666666666666,8.19834,1.023480139846012,-2.666666666666669,0.3840251427578551,0.0,0
0.1029,30,4.93,0,0.428,6.358,52.9,7.0355,6,300.0,16.6,372.75,11.22,22.2,21.19333333333333,7.778700000000001,0.8652757671208681,-2.666666666666669,0.35142824433245146,0.0,0
0.12757,30,4.93,0,0.428,6.393,7.8,7.0355,6,300.0,16.6,374.71,5.19,23.7,21.31,7.778700000000001,0.23441541969451038,-2.666666666666669,0.18531480070753742,0.0,0
0.20608,22,5.86,0,0.431,5.593,76.5,7.9549,7,330.0,19.1,372.49,12.5,17.6,16.94848484848485,8.431569999999999,1.1498170986347798,-6.212121212121214,0.39408089046149536,0.0,-1
0.19133,22,5.86,0,0.431,5.605,70.2,7.9549,7,330.0,19.1,389.13,18.46,18.5,16.984848484848484,8.431569999999999,1.2493946943861842,-6.212121212121214,0.5583742651657164,0.0,-1
0.33983,22,5.86,0,0.431,6.108,34.9,8.0555,7,330.0,19.1,390.18,9.16,24.3,18.509090909090908,8.361149999999999,0.6292294383860205,-6.212121212121214,0.3034208528051371,0.0,-1
0.19657,22,5.86,0,0.431,6.226,79.2,8.0555,7,330.0,19.1,376.14,10.15,20.5,18.866666666666667,8.361149999999999,1.1127780091910213,-6.212121212121214,0.3291285257407299,0.0,-1
0.16439,22,5.86,0,0.431,6.433,49.1,7.8265,7,330.0,19.1,374.71,9.52,24.5,19.493939393939392,8.52145,0.7854042018919303,-6.212121212121214,0.31138272433926617,0.0,-1
0.19073,22,5.86,0,0.431,6.718,17.5,7.8265,7,330.0,19.1,393.74,6.56,26.2,20.357575757575756,8.52145,0.3782888045977728,-6.212121212121214,0.23000107539426537,0.0,-1
0.1403,22,5.86,0,0.431,6.487,13.0,7.3967,7,330.0,19.1,396.28,5.9,24.4,19.657575757575756,8.82231,0.3137329087847583,-6.212121212121214,0.2112223338234556,0.0,-1
0.21409,22,5.86,0,0.431,6.438,8.9,7.3967,7,330.0,19.1,377.07,3.59,24.8,19.509090909090908,8.82231,0.2077666761168594,-6.212121212121214,0.1483099937779159,0.0,-1
0.08221,22,5.86,0,0.431,6.957,6.8,8.9067,7,330.0,19.1,386.09,3.53,29.6,21.081818181818182,7.765309999999999,0.18448385851228705,-6.212121212121214,0.145172065235944,0.0,-1
0.36894,22,5.86,0,0.431,8.259,8.4,8.9067,7,330.0,19.1,396.9,3.54,42.8,25.027272727272727,7.765309999999999,0.20123765458060838,-6.212121212121214,0.14867077949337548,0.0,-1
0.04819,80,3.64,0,0.392,6.108,32.0,9.2203,1,315.0,16.4,392.89,6.57,21.9,19.39047619047619,1.07797,0.4476484162310583,-2.22222222222222,0.14842798477115823,0.0,5
0.03548,80,3.64,0,0.392,5.876,19.1,9.2203,1,315.0,16.4,395.18,9.25,20.9,18.653968253968255,1.07797,0.38874712196443434,-2.22222222222222,0.2222365623142067,0.0,5
0.01538,90,3.75,0,0.394,7.454,34.2,6.3361,3,244.0,15.9,386.34,3.11,44.0,30.549180327868854,4.09917,0.3789460834648768,-1.844262295081968,0.05669982093277076,0.0,3
0.61154,20,3.97,0,0.647,8.704,86.9,1.801,5,264.0,13.0,389.7,5.12,50.0,32.96969696969697,9.0995,1.4977252351833568,3.7878787878787876,0.6394402234410126,0.0,1
0.66351,20,3.97,0,0.647,7.333,100.0,1.8946,5,264.0,13.0,383.29,7.79,36.0,27.776515151515152,9.0527,1.7063131932521187,3.7878787878787876,0.7136998503994592,0.0,1
0.65665,20,3.97,0,0.647,6.842,100.0,2.0107,5,264.0,13.0,391.93,6.9,30.1,25.916666666666664,8.99465,1.6817546943558717,3.7878787878787876,0.6890642467572012,0.0,1
0.54011,20,3.97,0,0.647,7.203,81.8,2.1121,5,264.0,13.0,392.8,9.59,33.8,27.28409090909091,8.943950000000001,1.5685464340566422,3.7878787878787876,0.7619817383241639,0.0,1
0.53412,20,3.97,0,0.647,7.52,89.4,2.1398,5,264.0,13.0,388.37,7.26,43.1,28.48484848484848,8.9301,1.5825226607454066,3.7878787878787876,0.6976208139343952,0.0,1
0.52014,20,3.97,0,0.647,8.398,91.5,2.2885,5,264.0,13.0,386.86,5.91,48.8,31.81060606060606,8.85575,1.566898193581767,3.7878787878787876,0.6602120264759224,0.0,1
0.82526,20,3.97,0,0.647,7.327,94.5,2.0788,5,264.0,13.0,393.42,11.25,31.0,27.75378787878788,8.9606,1.7451451704813927,3.7878787878787876,0.8109924950870467,0.0,1
0.55007,20,3.97,0,0.647,7.206,91.6,1.9301,5,264.0,13.0,387.89,8.1,36.5,27.295454545454547,9.03495,1.6283585232753306,3.7878787878787876,0.7209788960357693,0.0,1
0.76162,20,3.97,0,0.647,5.56,62.8,1.9865,5,264.0,13.0,392.4,10.45,22.8,21.06060606060606,9.00675,1.3966025560764528,3.7878787878787876,0.7882021416434146,0.0,1
0.7857,20,3.97,0,0.647,7.014,84.6,2.1329,5,264.0,13.0,384.07,14.79,30.7,26.568181818181817,8.93355,1.7408705440636214,3.7878787878787876,0.9082299694305105,0.0,1
0.57834,20,3.97,0,0.575,8.297,67.0,2.4216,5,264.0,13.0,384.54,7.44,50.0,31.428030303030305,8.7892,1.2086513897158158,3.7878787878787876,0.5549365753417441,0.0,1
0.5405,20,3.97,0,0.575,7.47,52.6,2.872,5,264.0,13.0,390.3,3.16,43.5,28.295454545454543,8.564,0.9422491235556703,3.7878787878787876,0.43640971761134395,0.0,1
0.09065,20,6.96,1,0.464,5.92,61.5,3.9175,3,223.0,18.6,391.34,13.65,20.7,26.54708520179372,4.82475,1.0949713074242,-8.07174887892377,0.4924176114925282,1.086275489611962,3
0.29916,20,6.96,0,0.464,5.856,42.1,4.429,3,223.0,18.6,388.65,13.0,21.1,26.260089686098652,4.6713,0.877241298307725,-8.07174887892377,0.4768252312794944,0.0,3
0.16211,20,6.96,0,0.464,6.24,16.3,4.429,3,223.0,18.6,396.9,6.59,25.2,27.982062780269057,4.6713,0.4346594603263536,-8.07174887892377,0.2984084426321658,0.0,3
0.1146,20,6.96,0,0.464,6.538,58.7,3.9175,3,223.0,18.6,394.96,7.73,24.4,29.318385650224215,4.82475,0.9027796477483463,-8.07174887892377,0.32933139532951095,0.0,3
0.22188,20,6.96,1,0.464,7.691,51.8,4.3665,3,223.0,18.6,390.77,6.58,35.2,34.48878923766816,4.690049999999999,0.7999859938151899,-8.07174887892377,0.2988043048313958,1.086275489611962,3
0.05644,40,6.41,1,0.447,6.758,32.9,4.0776,4,254.0,17.6,396.9,3.53,32.4,26.606299212598426,6.36896,0.48620072585451196,-5.118110236220475,0.1778042273488422,1.086275489611962,2
0.09604,40,6.41,0,0.447,6.854,42.8,4.2673,4,254.0,17.6,396.9,2.98,32.0,26.984251968503937,6.293080000000001,0.5729808710360799,-5.118110236220475,0.163072721359531,0.0,2
0.10469,40,6.41,1,0.447,7.267,49.0,4.7872,4,254.0,17.6,389.25,6.05,33.2,28.61023622047244,6.08512,0.7215455945977343,-5.118110236220475,0.24788296955652206,1.086275489611962,2
0.06127,40,6.41,1,0.447,6.826,27.6,4.8628,4,254.0,17.6,393.45,4.16,33.1,26.874015748031493,6.054880000000001,0.4490019275923258,-5.118110236220475,0.1952426213445636,1.086275489611962,2
0.07978,40,6.41,0,0.447,6.482,32.1,4.1403,4,254.0,17.6,396.9,7.19,29.1,25.519685039370078,6.34388,0.5789551743987178,-5.118110236220475,0.2790599408048645,0.0,2
0.21038,20,3.33,0,0.4429,6.812,32.2,4.1007,5,216.0,14.9,396.9,4.85,35.1,31.537037037037038,7.94965,0.5069792901005119,0.23148148148148065,0.20752210290076903,0.0,1
0.03578,20,3.33,0,0.4429,7.82,64.5,4.6947,5,216.0,14.9,387.31,3.76,45.4,36.2037037037037,7.6526499999999995,0.8095487833290854,0.23148148148148065,0.17548237830477506,0.0,1
0.03705,20,3.33,0,0.4429,6.968,37.2,5.2447,5,216.0,14.9,392.23,4.59,35.4,32.25925925925926,7.37765,0.5512982030347665,0.23148148148148065,0.19839952255574445,0.0,1
0.06129,20,3.33,1,0.4429,7.645,49.7,5.2119,5,216.0,14.9,377.07,3.01,46.0,35.39351851851852,7.39405,0.6364332337147736,0.23148148148148065,0.15507374031574236,1.086275489611962,1
0.01501,90,1.21,1,0.401,7.923,24.8,5.885,1,198.0,13.6,395.52,3.16,50.0,40.015151515151516,1.4115000000000002,0.2979216515591289,3.535353535353536,0.07247864535227755,1.086275489611962,5
0.00906,90,2.97,0,0.4,7.088,20.8,7.3073,1,285.0,15.3,394.72,7.85,32.2,24.870175438596494,1.2692700000000001,0.38408440473174266,-0.5263157894736855,0.19976916665566335,0.0,5
0.01096,55,2.25,0,0.389,6.453,31.9,7.3073,1,300.0,15.3,394.72,8.23,22.0,21.51,1.2692700000000001,0.48625145012182946,-0.5000000000000012,0.18764242855572227,0.0,5
0.01965,80,1.76,0,0.385,6.23,31.5,9.0892,1,241.0,18.2,341.6,12.93,20.1,25.85062240663901,1.09108,0.6035924822046864,-6.639004149377592,0.3092005986129843,0.0,5
0.03871,52,5.32,0,0.405,6.209,31.3,7.3172,6,293.0,16.6,396.9,7.14,23.2,21.191126279863482,7.60968,0.48291680142383286,-2.730375426621163,0.1907988798714538,0.0,0
0.0459,52,5.32,0,0.405,6.315,45.6,7.3172,6,293.0,16.6,396.9,7.6,22.3,21.552901023890787,7.60968,0.6428808129456022,-2.730375426621163,0.20357285047079124,0.0,0
0.04297,52,5.32,0,0.405,6.565,22.9,7.3172,6,293.0,16.6,371.72,9.51,24.8,22.4061433447099,7.60968,0.46180539855521235,-2.730375426621163,0.25624411223771837,0.0,0
0.03502,80,4.95,0,0.411,6.861,27.9,5.1167,4,245.0,19.2,396.9,3.33,28.5,28.00408163265306,5.953320000000001,0.35511458211329155,-8.57142857142857,0.09797063384235594,0.0,2
0.07886,80,4.95,0,0.411,7.148,27.7,5.1167,4,245.0,19.2,396.9,3.56,37.3,29.175510204081633,5.953320000000001,0.359401428244928,-8.57142857142857,0.10480996323870095,0.0,2
0.03615,80,4.95,0,0.411,6.63,23.4,5.1167,4,245.0,19.2,396.9,4.7,27.9,27.06122448979592,5.953320000000001,0.3465741388389084,-8.57142857142857,0.1357868667787358,0.0,2
0.08265,0,13.92,0,0.437,6.127,18.4,5.5027,4,289.0,16.0,396.9,8.58,23.9,21.20069204152249,5.79892,0.4556427930155469,-1.7301038062283738,0.2968714756141675,0.0,2
0.08199,0,13.92,0,0.437,6.009,42.3,5.5027,4,289.0,16.0,396.9,10.4,21.7,20.792387543252598,5.79892,0.7520015456271556,-1.7301038062283738,0.3470848079251741,0.0,2
0.12932,0,13.92,0,0.437,6.678,31.1,5.9604,4,289.0,16.0,396.9,6.27,28.6,23.107266435986162,5.61584,0.5226940680716439,-1.7301038062283738,0.23365431330743108,0.0,2
0.05372,0,13.92,0,0.437,6.549,51.0,5.9604,4,289.0,16.0,392.85,7.39,27.1,22.660899653979243,5.61584,0.7585425026978797,-1.7301038062283738,0.26370966479776176,0.0,2
0.14103,0,13.92,0,0.437,5.79,58.0,6.32,4,289.0,16.0,396.9,15.84,20.3,20.034602076124568,5.472,1.0638009013356373,-1.7301038062283738,0.4978587785661953,0.0,2
0.06466,70,2.24,0,0.4,6.345,20.1,7.8278,5,358.0,14.8,368.24,4.97,22.5,17.723463687150836,6.0861,0.2974051432344128,0.2793296089385465,0.1209238985746555,0.0,1
0.05561,70,2.24,0,0.4,7.041,10.0,7.8278,5,358.0,14.8,371.58,4.74,29.0,19.66759776536313,6.0861,0.18704208701008845,0.2793296089385465,0.11447560039022178,0.0,1
0.04417,70,2.24,0,0.4,6.871,47.4,7.8278,5,358.0,14.8,390.86,6.07,24.8,19.1927374301676,6.0861,0.6089117941689084,0.2793296089385465,0.15104679679792615,0.0,1
0.03537,34,6.09,0,0.433,6.59,40.4,5.4917,7,329.0,16.1,395.75,9.5,22.0,20.030395136778115,10.155809999999999,0.6993691996354757,-1.6717325227963546,0.3134959206045608,0.0,-1
0.09266,34,6.09,0,0.433,6.495,18.4,5.4917,7,329.0,16.1,383.61,8.67,26.4,19.741641337386017,10.155809999999999,0.44989578404925906,-1.6717325227963546,0.29123697663440545,0.0,-1
0.1,34,6.09,0,0.433,6.982,17.7,5.4917,7,329.0,16.1,390.43,4.86,33.1,21.221884498480243,10.155809999999999,0.3375542708963001,-1.6717325227963546,0.1861870261335593,0.0,-1
0.05515,33,2.18,0,0.472,7.236,41.1,4.022,7,222.0,18.4,393.68,6.93,36.1,32.5945945945946,11.1846,0.7159090612472687,-7.657657657657654,0.3230490418254376,0.0,-1
0.05479,33,2.18,0,0.472,6.616,58.1,3.37,7,222.0,18.4,393.36,8.93,28.4,29.8018018018018,11.640999999999998,0.946173939175169,-7.657657657657654,0.37823263348133085,0.0,-1
0.07503,33,2.18,0,0.472,7.42,71.9,3.0992,7,222.0,18.4,396.9,6.47,33.4,33.42342342342342,11.83056,1.0204146686750362,-7.657657657657654,0.31057933149935224,0.0,-1
0.04932,33,2.18,0,0.472,6.849,70.3,3.1827,7,222.0,18.4,396.9,7.53,28.2,30.85135135135135,11.77211,1.0331862589201806,-7.657657657657654,0.33953980542181594,0.0,-1
0.49298,0,9.9,0,0.544,6.635,82.5,3.3175,4,304.0,18.4,396.9,4.54,22.8,21.825657894736842,6.673000000000001,1.22447255462791,-5.592105263157893,0.41016906623693916,0.0,2
0.3494,0,9.9,0,0.544,5.972,76.7,3.1025,4,304.0,18.4,396.24,9.97,20.3,19.644736842105264,6.759,1.3145747569045279,-5.592105263157893,0.5583896987410767,0.0,2
2.63548,0,9.9,0,0.544,4.973,37.8,2.5194,4,304.0,18.4,350.45,12.64,16.1,16.35855263157895,6.99224,0.9876323339228266,-5.592105263157893,0.6577601834414916,0.0,2
0.79041,0,9.9,0,0.544,6.122,52.8,2.6403,4,304.0,18.4,396.9,5.98,22.1,20.138157894736842,6.94388,0.9583374170964511,-5.592105263157893,0.45324720706243593,0.0,2
0.26169,0,9.9,0,0.544,6.023,90.4,2.834,4,304.0,18.4,396.3,11.72,19.4,19.8125,6.8664000000000005,1.5039555982119348,-5.592105263157893,0.6056930427114697,0.0,2
0.26938,0,9.9,0,0.544,6.266,82.8,3.2628,4,304.0,18.4,393.39,7.9,21.6,20.611842105263158,6.694880000000001,1.3202773847682034,-5.592105263157893,0.5003710879363908,0.0,2
0.3692,0,9.9,0,0.544,6.567,87.3,3.6023,4,304.0,18.4,395.69,9.28,23.8,21.601973684210527,6.559080000000001,1.404700830250092,-5.592105263157893,0.5395725108678339,0.0,2
0.25356,0,9.9,0,0.544,5.705,77.7,3.945,4,304.0,18.4,396.42,11.5,16.2,18.766447368421055,6.422000000000001,1.3670919611249326,-5.592105263157893,0.5995310232950637,0.0,2
0.31827,0,9.9,0,0.544,5.914,83.2,3.9986,4,304.0,18.4,390.7,18.33,17.8,19.45394736842105,6.4005600000000005,1.6122003812466525,-5.592105263157893,0.7887241317575331,0.0,2
0.24522,0,9.9,0,0.544,5.782,71.7,4.0317,4,304.0,18.4,396.9,15.94,19.8,19.019736842105264,6.38732,1.4278165503720393,-5.592105263157893,0.721953839997281,0.0,2
0.40202,0,9.9,0,0.544,6.382,67.2,3.5325,4,304.0,18.4,395.21,10.36,23.1,20.99342105263158,6.587000000000001,1.2274990651550512,-5.592105263157893,0.5697427242580358,0.0,2
0.47547,0,9.9,0,0.544,6.113,58.8,4.0019,4,304.0,18.4,396.23,12.73,21.0,20.10855263157895,6.399240000000001,1.2063876622864307,-5.592105263157893,0.6359656355421544,0.0,2
0.1676,0,7.38,0,0.493,6.426,52.3,4.5404,5,287.0,19.6,396.9,7.2,23.8,22.39024390243903,7.7298,0.881914274065637,-8.013937282229968,0.3749731603820702,0.0,1
0.18159,0,7.38,0,0.493,6.376,54.3,4.5404,5,287.0,19.6,396.9,6.87,23.1,22.216027874564464,7.7298,0.8934056361488312,-8.013937282229968,0.3660244443440922,0.0,1
0.35114,0,7.38,0,0.493,6.041,49.9,4.7211,5,287.0,19.6,396.9,7.7,20.4,21.04878048780488,7.63945,0.8709943967401972,-8.013937282229968,0.39083301522169067,0.0,1
0.28392,0,7.38,0,0.493,5.708,74.3,4.7211,5,287.0,19.6,391.13,11.74,18.5,19.88850174216028,7.63945,1.2337607580845247,-8.013937282229968,0.501556507326429,0.0,1
0.34109,0,7.38,0,0.493,6.415,40.1,4.7211,5,287.0,19.6,396.9,6.12,25.0,22.351916376306622,7.63945,0.7264692832389479,-8.013937282229968,0.34712182164922417,0.0,1
0.19186,0,7.38,0,0.493,6.431,14.7,5.4159,5,287.0,19.6,393.68,5.08,24.6,22.407665505226483,7.29205,0.4361857176742152,-8.013937282229968,0.31674694068559034,0.0,1
0.30347,0,7.38,0,0.493,6.312,28.9,5.4159,5,287.0,19.6,396.9,6.15,23.0,21.99303135888502,7.29205,0.6119520926591537,-8.013937282229968,0.34752679648918017,0.0,1
0.24103,0,7.38,0,0.493,6.083,43.7,5.4159,5,287.0,19.6,396.9,12.79,22.2,21.195121951219516,7.29205,0.94759523609245,-8.013937282229968,0.5300479440012537,0.0,1
0.06617,0,3.24,0,0.46,5.868,25.8,5.2146,4,430.0,16.9,382.44,9.97,19.3,13.646511627906978,5.91416,0.617533396972677,-2.209302325581394,0.3823667556567791,0.0,2
0.06724,0,3.24,0,0.46,6.333,17.2,5.2146,4,430.0,16.9,375.21,7.34,22.6,14.727906976744187,5.91416,0.4563931669465097,-2.209302325581394,0.30980703826943545,0.0,2
0.04544,0,3.24,0,0.46,6.144,32.2,5.8736,4,430.0,16.9,368.57,9.09,19.8,14.288372093023256,5.6505600000000005,0.6591622677801784,-2.209302325581394,0.35785119474851124,0.0,2
0.05023,35,6.06,0,0.4379,5.706,28.4,6.6407,1,304.0,16.9,394.02,12.43,17.1,18.769736842105264,1.3359300000000003,0.6667174596983803,-3.124999999999998,0.4045951375731939,0.0,5
0.03466,35,6.06,0,0.4379,6.031,23.3,6.6407,1,304.0,16.9,362.25,7.83,19.4,19.838815789473685,1.3359300000000003,0.4872627203818204,-3.124999999999998,0.27748856719830095,0.0,5
0.05083,0,5.19,0,0.515,6.316,38.1,6.4584,5,224.0,20.2,389.71,5.68,22.2,28.19642857142857,6.7707999999999995,0.7389981702495866,-11.607142857142856,0.37698557859147686,0.0,1
0.03738,0,5.19,0,0.515,6.31,38.5,6.4584,5,224.0,20.2,389.4,6.75,20.7,28.169642857142854,6.7707999999999995,0.7726430210326714,-11.607142857142856,0.40635979014782253,0.0,1
0.03961,0,5.19,0,0.515,6.037,34.5,5.9853,5,224.0,20.2,396.9,8.01,21.1,26.950892857142858,7.007350000000001,0.7662165882570117,-11.607142857142856,0.44115306673068533,0.0,1
0.03427,0,5.19,0,0.515,5.869,46.3,5.2311,5,224.0,20.2,396.9,9.8,19.5,26.200892857142854,7.38445,0.9371337260931105,-11.607142857142856,0.490485982400533,0.0,1
0.03041,0,5.19,0,0.515,5.895,59.6,5.615,5,224.0,20.2,394.81,10.56,18.5,26.316964285714285,7.1925,1.0950772221361966,-11.607142857142856,0.5114138993594595,0.0,1
0.03306,0,5.19,0,0.515,6.059,37.3,4.8122,5,224.0,20.2,396.14,8.51,20.6,27.049107142857142,7.5939,0.808849749036618,-11.607142857142856,0.45487635580220537,0.0,1
0.05497,0,5.19,0,0.515,5.985,45.4,4.8122,5,224.0,20.2,396.9,9.74,19.0,26.71875,7.5939,0.9262093018973949,-11.607142857142856,0.48906301627055937,0.0,1
0.06151,0,5.19,0,0.515,5.968,58.5,4.8122,5,224.0,20.2,396.9,9.29,18.7,26.642857142857142,7.5939,1.0487045447343692,-11.607142857142856,0.47671930575067767,0.0,1
0.01301,35,1.52,0,0.442,7.241,49.3,7.0379,1,284.0,15.5,394.74,5.49,32.7,25.496478873239436,1.29621,0.6988945884749805,-0.8802816901408451,0.22111190398618114,0.0,5
0.02498,0,1.89,0,0.518,6.54,59.7,6.2669,1,422.0,15.9,389.96,8.65,16.5,15.497630331753555,1.37331,1.0495757334992883,-1.0663507109004744,0.4648215127143537,0.0,5
0.02543,55,3.78,0,0.484,6.696,56.4,5.7321,5,370.0,17.6,396.9,7.18,23.9,18.097297297297295,7.1339500000000005,0.9050683899810218,-3.5135135135135154,0.3543048089619456,0.0,1
0.03049,55,3.78,0,0.484,6.874,28.1,6.4654,5,370.0,17.6,387.97,4.61,31.2,18.57837837837838,6.7673000000000005,0.5427001639651942,-3.5135135135135154,0.28344556735166065,0.0,1
0.03113,0,4.39,0,0.442,6.014,48.5,8.0136,3,352.0,18.8,385.64,10.53,17.5,17.085227272727273,3.59592,0.8297285072178617,-5.397727272727274,0.3603884160994538,0.0,3
0.06162,0,4.39,0,0.442,5.898,52.3,8.0136,3,352.0,18.8,364.61,12.67,17.2,16.755681818181817,3.59592,0.9279141923061733,-5.397727272727274,0.41978188897505386,0.0,3
0.0187,85,4.15,0,0.429,6.516,27.7,8.5353,4,351.0,17.9,392.43,6.36,23.1,18.564102564102566,4.58588,0.47370115843869787,-4.131054131054129,0.2184335095374268,0.0,2
0.01501,80,2.01,0,0.435,6.635,29.7,8.344,4,280.0,17.0,390.94,5.99,24.5,23.69642857142857,4.662400000000001,0.4964344467748558,-3.571428571428571,0.22052800081517226,0.0,2
0.02899,40,1.25,0,0.429,6.939,34.5,8.7921,1,335.0,19.7,389.85,5.89,26.6,20.713432835820896,1.1207900000000002,0.5307629594994827,-7.014925373134327,0.20558007173370546,0.0,5
0.06211,40,1.25,0,0.429,6.49,44.4,8.7921,1,335.0,19.7,396.9,5.98,22.9,19.37313432835821,1.1207900000000002,0.6352031488311609,-7.014925373134327,0.2084357762568736,0.0,5
0.0795,60,1.69,0,0.411,6.579,35.9,10.7103,4,411.0,18.3,370.78,5.49,24.1,16.00729927007299,3.7158800000000003,0.4971065205122931,-4.014598540145987,0.15807322732456952,0.0,2
0.07244,60,1.69,0,0.411,5.884,18.5,10.7103,4,411.0,18.3,392.33,7.79,18.6,14.316301703163019,3.7158800000000003,0.3813755997483279,-4.014598540145987,0.22145965829123926,0.0,2
0.01709,90,2.02,0,0.41,6.728,36.1,12.1265,5,187.0,17.0,384.46,4.5,30.1,35.97860962566845,3.93675,0.46979075878367627,-5.347593582887701,0.12799626000858838,0.0,1
0.04301,80,1.91,0,0.413,5.663,21.9,10.5857,4,334.0,22.0,382.8,8.05,18.2,16.95508982035928,3.7657200000000004,0.42768066701351987,-10.479041916167665,0.23241849146042903,0.0,2
0.10659,80,1.91,0,0.413,5.936,19.5,10.5857,4,334.0,22.0,376.04,5.57,20.6,17.772455089820358,3.7657200000000004,0.3345312091141285,-10.479041916167665,0.16470044424921176,0.0,2
8.98296,0,18.1,1,0.77,6.212,97.4,2.1222,24,666.0,20.2,377.73,17.6,17.8,9.327327327327327,42.90672,2.203318458191093,-3.903903903903903,1.3309902465190158,1.086275489611962,-3
3.8497,0,18.1,1,0.77,6.395,91.0,2.5052,24,666.0,20.2,391.34,13.27,21.7,9.602102102102101,41.98752,2.017925790474099,-3.903903903903903,1.1538124055773327,1.086275489611962,-3
5.20177,0,18.1,1,0.77,6.127,83.4,2.7227,24,666.0,20.2,395.43,11.48,22.7,9.199699699699698,41.46552,1.8902630295689993,-3.903903903903903,1.1196164104023762,1.086275489611962,-3
4.26131,0,18.1,0,0.77,6.112,81.3,2.5091,24,666.0,20.2,390.74,12.67,22.6,9.177177177177176,41.978159999999995,1.901472485695111,-3.903903903903903,1.1418825113448334,0.0,-3
4.54192,0,18.1,0,0.77,6.398,88.0,2.5182,24,666.0,20.2,374.56,7.79,25.0,9.606606606606606,41.95632,1.8358156789166367,-3.903903903903903,1.0103786634433987,0.0,-3
3.83684,0,18.1,0,0.77,6.251,91.1,2.2955,24,666.0,20.2,350.65,14.19,19.9,9.385885885885886,42.4908,2.0443419700572876,-3.903903903903903,1.1790541757437436,0.0,-3
3.67822,0,18.1,0,0.77,5.362,96.2,2.1036,24,666.0,20.2,380.79,10.19,20.8,8.05105105105105,42.95136,1.9864898661067394,-3.903903903903903,1.0668960492498376,0.0,-3
4.22239,0,18.1,1,0.77,5.803,89.0,1.9047,24,666.0,20.2,353.04,14.64,16.8,8.713213213213212,43.428720000000006,2.0351320001348343,-3.903903903903903,1.19580488332825,1.086275489611962,-3
3.47428,0,18.1,1,0.718,8.78,82.9,1.9047,24,666.0,20.2,354.55,5.29,21.9,13.183183183183182,43.428720000000006,1.607312074693964,-3.903903903903903,0.8223982150231144,1.086275489611962,-3
4.55587,0,18.1,0,0.718,3.561,87.9,1.6132,24,666.0,20.2,354.7,7.12,27.5,5.346846846846846,44.12832,1.7093020693059229,-3.903903903903903,0.885051714586656,0.0,-3
3.69695,0,18.1,0,0.718,4.963,91.4,1.7523,24,666.0,20.2,316.03,14.0,21.9,7.451951951951951,43.79448,1.935192858028775,-3.903903903903903,1.0652431354913794,0.0,-3
13.5222,0,18.1,0,0.631,3.863,100.0,1.5106,24,666.0,20.2,131.42,13.33,23.1,5.8003003003003,44.374559999999995,1.8262611397269235,-3.903903903903903,0.9781763721628892,0.0,-3
4.89822,0,18.1,0,0.631,4.97,100.0,1.3325,24,666.0,20.2,375.52,3.26,50.0,7.462462462462462,44.802,1.5483913825525304,-3.903903903903903,0.6033751590845432,0.0,-3
5.66998,0,18.1,1,0.631,6.683,96.8,1.3567,24,666.0,20.2,375.33,3.73,50.0,10.034534534534533,44.743919999999996,1.528404761718316,-3.903903903903903,0.6250186503310702,1.086275489611962,-3
6.53876,0,18.1,1,0.631,7.016,97.5,1.2024,24,666.0,20.2,392.05,2.96,50.0,10.534534534534535,45.114239999999995,1.5143665839220475,-3.903903903903903,0.6135362874446234,1.086275489611962,-3
9.2323,0,18.1,0,0.631,6.216,100.0,1.1691,24,666.0,20.2,366.15,9.53,50.0,9.333333333333334,45.19416,1.7214046275856432,-3.903903903903903,0.8251024183435938,0.0,-3
8.26725,0,18.1,1,0.668,5.875,89.6,1.1296,24,666.0,20.2,347.88,8.88,50.0,8.82132132132132,45.288959999999996,1.6724942562783929,-3.903903903903903,0.8724511939260866,1.086275489611962,-3
11.1081,0,18.1,0,0.668,4.906,100.0,1.1742,24,666.0,20.2,396.9,34.77,13.8,7.366366366366366,45.18192,2.4940043059984194,-3.903903903903903,1.6187856364891426,0.0,-3
18.4982,0,18.1,0,0.668,4.138,100.0,1.137,24,666.0,20.2,396.9,37.97,13.8,6.213213213213213,45.2712,2.5823045267489713,-3.903903903903903,1.7901487994399088,0.0,-3
19.6091,0,18.1,0,0.671,7.313,97.9,1.3163,24,666.0,20.2,396.9,13.44,15.0,10.98048048048048,44.840880000000006,1.889973798098695,-3.903903903903903,1.1319315074101262,0.0,-3
15.288,0,18.1,0,0.671,6.649,93.3,1.3449,24,666.0,20.2,363.02,23.24,13.9,9.983483483483482,44.772240000000004,2.1130193827466424,-3.903903903903903,1.3537828113031931,0.0,-3
9.82349,0,18.1,0,0.671,6.794,98.8,1.358,24,666.0,20.2,396.9,21.24,13.3,10.2012012012012,44.7408,2.114474381234808,-3.903903903903903,1.2371753984619729,0.0,-3
23.6482,0,18.1,0,0.671,6.38,96.2,1.3861,24,666.0,20.2,396.9,23.69,13.1,9.57957957957958,44.67336,2.1553027186944265,-3.903903903903903,1.4601666621492169,0.0,-3
17.8667,0,18.1,0,0.671,6.223,100.0,1.3861,24,666.0,20.2,393.74,21.78,10.2,9.343843843843842,44.67336,2.1417334368953207,-3.903903903903903,1.3424798018448967,0.0,-3
88.9762,0,18.1,0,0.671,6.968,91.9,1.4165,24,666.0,20.2,396.9,17.21,10.4,10.462462462462462,44.6004,1.932210528626155,-3.903903903903903,2.0156296841359387,0.0,-3
15.8744,0,18.1,0,0.671,6.545,99.1,1.5192,24,666.0,20.2,396.9,21.08,10.9,9.827327327327327,44.353919999999995,2.1131489685494946,-3.903903903903903,1.3007711569118268,0.0,-3
9.18702,0,18.1,0,0.7,5.536,100.0,1.5804,24,666.0,20.2,396.9,23.6,11.3,8.312312312312311,44.20704,2.2516249693402006,-3.903903903903903,1.3548138238154457,0.0,-3
7.99248,0,18.1,0,0.7,5.52,100.0,1.5331,24,666.0,20.2,396.9,24.56,12.3,8.288288288288287,44.32055999999999,2.2781150355653663,-3.903903903903903,1.36787754845175,0.0,-3
20.0849,0,18.1,0,0.7,4.368,91.2,1.4395,24,666.0,20.2,285.83,30.63,8.8,6.558558558558559,44.5452,2.3549812984699527,-3.903903903903903,1.6712879149291155,0.0,-3
16.8118,0,18.1,0,0.7,5.277,98.1,1.4261,24,666.0,20.2,396.9,30.81,7.2,7.923423423423423,44.577360000000006,2.431008947988098,-3.903903903903903,1.6394659475114173,0.0,-3
24.3938,0,18.1,0,0.7,4.652,100.0,1.4672,24,666.0,20.2,396.9,28.28,10.5,6.984984984984985,44.47872,2.380764042187883,-3.903903903903903,1.6548734374124243,0.0,-3
22.5971,0,18.1,0,0.7,5.0,89.5,1.5184,24,666.0,20.2,396.9,31.99,7.4,7.5075075075075075,44.35584,2.375001168293057,-3.903903903903903,1.7370520310408133,0.0,-3
14.3337,0,18.1,0,0.7,4.88,100.0,1.5895,24,666.0,20.2,372.92,30.62,10.2,7.3273273273273265,44.185199999999995,2.445333578611724,-3.903903903903903,1.6063698753899147,0.0,-3
8.15174,0,18.1,0,0.7,5.39,98.9,1.7281,24,666.0,20.2,396.9,20.85,11.5,8.093093093093092,43.85256,2.164413439841243,-3.903903903903903,1.2672945240204871,0.0,-3
6.96215,0,18.1,0,0.7,5.713,97.0,1.9265,24,666.0,20.2,394.43,17.11,15.1,8.578078078078077,43.3764,2.0416451006083456,-3.903903903903903,1.1507229362359421,0.0,-3
5.29305,0,18.1,0,0.7,6.051,82.5,2.1678,24,666.0,20.2,378.38,18.76,23.2,9.085585585585585,42.79728,1.9378443149091622,-3.903903903903903,1.1774924559909974,0.0,-3
11.5779,0,18.1,0,0.7,5.036,97.0,1.77,24,666.0,20.2,396.9,25.68,9.7,7.56156156156156,43.752,2.2781241293059176,-3.903903903903903,1.439081882047036,0.0,-3
8.64476,0,18.1,0,0.693,6.193,92.6,1.7912,24,666.0,20.2,396.9,15.17,13.8,9.298798798798797,43.701119999999996,1.9283956904314454,-3.903903903903903,1.1016997659369516,0.0,-3
13.3598,0,18.1,0,0.693,5.887,94.7,1.7821,24,666.0,20.2,396.9,16.35,12.7,8.839339339339338,43.72296,1.982583585298711,-3.903903903903903,1.1872563851127937,0.0,-3
8.71675,0,18.1,0,0.693,6.471,98.8,1.7257,24,666.0,20.2,391.98,17.12,13.1,9.716216216216216,43.85832,2.0460553367304066,-3.903903903903903,1.1563168631995757,0.0,-3
5.87205,0,18.1,0,0.693,6.405,96.0,1.6768,24,666.0,20.2,396.9,19.37,12.5,9.617117117117116,43.97568,2.0793051781583056,-3.903903903903903,1.1864292137899444,0.0,-3
7.67202,0,18.1,0,0.693,5.747,98.9,1.6334,24,666.0,20.2,393.1,19.92,8.5,8.629129129129128,44.07984,2.1243478960045445,-3.903903903903903,1.22183704304731,0.0,-3
38.3518,0,18.1,0,0.693,5.453,100.0,1.4896,24,666.0,20.2,396.9,30.59,5.0,8.187687687687689,44.42496,2.430102471861118,-3.903903903903903,1.8610964217237007,0.0,-3
9.91655,0,18.1,0,0.693,5.852,77.8,1.5004,24,666.0,20.2,338.16,29.97,6.3,8.786786786786786,44.39904,2.184364026026847,-3.903903903903903,1.5243828998716524,0.0,-3
25.0461,0,18.1,0,0.693,5.987,100.0,1.5888,24,666.0,20.2,396.9,26.77,5.6,8.98948948948949,44.18688,2.3246940833401464,-3.903903903903903,1.6061351732910376,0.0,-3
14.2362,0,18.1,0,0.693,6.343,100.0,1.5741,24,666.0,20.2,396.9,20.32,7.2,9.524024024024023,44.222159999999995,2.1467139508898154,-3.903903903903903,1.3066543711758718,0.0,-3
9.59571,0,18.1,0,0.693,6.404,100.0,1.639,24,666.0,20.2,376.11,20.31,12.1,9.615615615615615,44.0664,2.14643801269997,-3.903903903903903,1.2542204442374745,0.0,-3
24.8017,0,18.1,0,0.693,5.349,96.0,1.7028,24,666.0,20.2,396.9,19.77,8.3,8.031531531531531,43.91328,2.0903427057521244,-3.903903903903903,1.4102314433255891,0.0,-3
41.5292,0,18.1,0,0.693,5.531,85.4,1.6074,24,666.0,20.2,329.46,27.38,8.5,8.304804804804803,44.14224,2.1911658597796286,-3.903903903903903,1.8082334726920948,0.0,-3
67.9208,0,18.1,0,0.693,5.683,100.0,1.4254,24,666.0,20.2,384.97,22.98,5.0,8.533033033033032,44.57904,2.2201135093887117,-3.903903903903903,1.9834558899786372,0.0,-3
20.7162,0,18.1,0,0.659,4.138,100.0,1.1781,24,666.0,20.2,370.22,23.34,11.9,6.213213213213213,45.17256,2.1600884364865234,-3.903903903903903,1.3928624944036523,0.0,-3
11.9511,0,18.1,0,0.659,5.608,100.0,1.2852,24,666.0,20.2,332.09,12.13,27.9,8.42042042042042,44.91552,1.8507617256697464,-3.903903903903903,0.9850181729078454,0.0,-3
7.40389,0,18.1,0,0.597,5.617,97.9,1.4547,24,666.0,20.2,314.64,26.4,17.2,8.433933933933934,44.508720000000004,2.0953263176528334,-3.903903903903903,1.200100409317483,0.0,-3
14.4383,0,18.1,0,0.597,6.852,100.0,1.4655,24,666.0,20.2,179.36,19.78,27.5,10.288288288288289,44.482800000000005,1.934282424440629,-3.903903903903903,1.0964943999990986,0.0,-3
51.1358,0,18.1,0,0.597,5.757,100.0,1.413,24,666.0,20.2,2.6,10.11,15.0,8.644144144144143,44.608799999999995,1.667450194860055,-3.903903903903903,1.2421332224194943,0.0,-3
14.0507,0,18.1,0,0.597,6.657,100.0,1.5275,24,666.0,20.2,35.05,21.22,17.2,9.995495495495495,44.333999999999996,1.9740175237783772,-3.903903903903903,1.1318729687896552,0.0,-3
18.811,0,18.1,0,0.597,4.628,100.0,1.5539,24,666.0,20.2,28.79,34.37,17.9,6.948948948948948,44.27064,2.336876243425176,-3.903903903903903,1.5482363126980583,0.0,-3
28.6558,0,18.1,0,0.597,5.155,100.0,1.5894,24,666.0,20.2,210.97,20.08,16.3,7.74024024024024,44.18543999999999,1.9425605701359931,-3.903903903903903,1.2645738177654153,0.0,-3
45.7461,0,18.1,0,0.693,4.519,100.0,1.6582,24,666.0,20.2,88.27,36.98,7.0,6.785285285285285,44.02032,2.606426975172376,-3.903903903903903,2.1205310742225265,0.0,-3
18.0846,0,18.1,0,0.679,6.434,100.0,1.8347,24,666.0,20.2,27.25,29.05,7.2,9.66066066066066,43.59672,2.358801406262775,-3.903903903903903,1.561996914675285,0.0,-3
10.8342,0,18.1,0,0.679,6.782,90.8,1.8195,24,666.0,20.2,21.57,25.79,7.5,10.183183183183182,43.633199999999995,2.174097873571914,-3.903903903903903,1.3905483169028936,0.0,-3
25.9406,0,18.1,0,0.679,5.304,89.1,1.6475,24,666.0,20.2,127.36,26.64,10.4,7.963963963963964,44.046,2.180044895712899,-3.903903903903903,1.583795356791307,0.0,-3
73.5341,0,18.1,0,0.679,5.957,100.0,1.8026,24,666.0,20.2,16.45,20.62,8.8,8.944444444444443,43.67376,2.1261855122230395,-3.903903903903903,1.952620031410882,0.0,-3
11.8123,0,18.1,0,0.718,6.824,76.5,1.794,24,666.0,20.2,48.45,22.74,8.4,10.246246246246246,43.694399999999995,2.022912784460414,-3.903903903903903,1.3976276907541827,0.0,-3
11.0874,0,18.1,0,0.718,6.411,100.0,1.8589,24,666.0,20.2,318.75,15.02,16.7,9.626126126126126,43.53864,2.0519070394898207,-3.903903903903903,1.1764557069714447,0.0,-3
7.02259,0,18.1,0,0.718,6.006,95.3,1.8746,24,666.0,20.2,319.98,15.7,14.2,9.018018018018019,43.50096,2.0222671288812903,-3.903903903903903,1.1495320195323013,0.0,-3
12.0482,0,18.1,0,0.614,5.648,87.6,1.9512,24,666.0,20.2,291.55,14.1,20.8,8.48048048048048,43.317119999999996,1.6848255579185245,-3.903903903903903,0.9478767843033878,0.0,-3
7.05042,0,18.1,0,0.614,6.103,85.1,2.0218,24,666.0,20.2,2.52,23.29,13.4,9.163663663663662,43.14768,1.9126661014513975,-3.903903903903903,1.1452901385677028,0.0,-3
8.79212,0,18.1,0,0.584,5.565,70.6,2.0635,24,666.0,20.2,3.65,17.16,11.7,8.355855855855856,43.047599999999996,1.532457008990706,-3.903903903903903,0.933987921195828,0.0,-3
15.8603,0,18.1,0,0.679,5.896,95.4,1.9096,24,666.0,20.2,7.68,24.39,8.3,8.852852852852852,43.416959999999996,2.182840368394166,-3.903903903903903,1.4084091225000726,0.0,-3
12.2472,0,18.1,0,0.584,5.837,59.7,1.9976,24,666.0,20.2,24.65,15.69,10.2,8.764264264264263,43.205760000000005,1.3796386882863048,-3.903903903903903,0.9322592734469329,0.0,-3
37.6619,0,18.1,0,0.679,6.202,78.7,1.8629,24,666.0,20.2,18.82,14.52,10.9,9.312312312312311,43.52904,1.7385017334100912,-3.903903903903903,1.3811028566191306,0.0,-3
7.36711,0,18.1,0,0.679,6.193,78.1,1.9356,24,666.0,20.2,96.73,21.52,11.0,9.298798798798797,43.35456,1.925479269597495,-3.903903903903903,1.2337534541761728,0.0,-3
9.33889,0,18.1,0,0.679,6.38,95.6,1.9682,24,666.0,20.2,60.72,24.08,9.5,9.57957957957958,43.27632,2.176346016743766,-3.903903903903903,1.326555962568003,0.0,-3
8.49213,0,18.1,0,0.584,6.348,86.1,2.0527,24,666.0,20.2,83.45,17.64,14.5,9.531531531531531,43.073519999999995,1.705331290301023,-3.903903903903903,0.9438611390378945,0.0,-3
10.0623,0,18.1,0,0.584,6.833,94.3,2.0882,24,666.0,20.2,81.33,19.69,14.1,10.25975975975976,42.988319999999995,1.8463476408465338,-3.903903903903903,1.0180768001783127,0.0,-3
6.44405,0,18.1,0,0.584,6.425,74.8,2.2004,24,666.0,20.2,97.95,12.03,16.1,9.647147147147146,42.71903999999999,1.4341550945309764,-3.903903903903903,0.7660398891396067,0.0,-3
5.58107,0,18.1,0,0.713,6.436,87.9,2.3158,24,666.0,20.2,100.19,16.22,14.3,9.663663663663662,42.44208,1.9501177562216834,-3.903903903903903,1.1373904023202215,0.0,-3
13.9134,0,18.1,0,0.713,6.208,95.0,2.2222,24,666.0,20.2,100.63,15.17,11.7,9.32132132132132,42.66672,1.994264740623645,-3.903903903903903,1.2020702726090566,0.0,-3
11.1604,0,18.1,0,0.74,6.629,94.6,2.1247,24,666.0,20.2,109.85,23.27,13.4,9.953453453453452,42.90072,2.2692107654844156,-3.903903903903903,1.4501927057051347,0.0,-3
14.4208,0,18.1,0,0.74,6.461,93.3,2.0026,24,666.0,20.2,27.49,18.05,9.6,9.7012012012012,43.19376,2.1117827708588166,-3.903903903903903,1.3427990805027643,0.0,-3
15.1772,0,18.1,0,0.74,6.152,100.0,1.9142,24,666.0,20.2,9.32,26.45,8.7,9.237237237237236,43.405919999999995,2.4125718801951326,-3.903903903903903,1.5830889136001454,0.0,-3
13.6781,0,18.1,0,0.74,5.935,87.9,1.8206,24,666.0,20.2,68.95,34.02,8.4,8.911411411411411,43.63056,2.4968432897021837,-3.903903903903903,1.7751246007556483,0.0,-3
9.39063,0,18.1,0,0.74,5.627,93.9,1.8172,24,666.0,20.2,396.9,22.88,12.8,8.448948948948948,43.63872,2.251240113258609,-3.903903903903903,1.4195393282038857,0.0,-3
22.0511,0,18.1,0,0.74,5.818,92.4,1.8662,24,666.0,20.2,391.45,22.11,10.5,8.735735735735735,43.52112,2.214544880879436,-3.903903903903903,1.5405927178665042,0.0,-3
9.72418,0,18.1,0,0.74,6.406,97.2,2.0651,24,666.0,20.2,385.96,19.52,17.1,9.618618618618617,43.04376,2.192510463344886,-3.903903903903903,1.3305731179947948,0.0,-3
5.66637,0,18.1,0,0.74,6.219,100.0,2.0048,24,666.0,20.2,395.69,16.59,18.4,9.337837837837839,43.18848,2.1404968250074945,-3.903903903903903,1.2041144223336908,0.0,-3
9.96654,0,18.1,0,0.74,6.485,100.0,1.9784,24,666.0,20.2,386.73,18.85,15.4,9.737237237237236,43.251839999999994,2.202858855912572,-3.903903903903903,1.3148093272406212,0.0,-3
12.8023,0,18.1,0,0.74,5.854,96.6,1.8956,24,666.0,20.2,240.52,23.79,10.8,8.78978978978979,43.450559999999996,2.304156873704475,-3.903903903903903,1.4829960517046392,0.0,-3
10.6718,0,18.1,0,0.74,6.459,94.8,1.9879,24,666.0,20.2,43.06,23.98,11.8,9.698198198198197,43.22904,2.2908621091982537,-3.903903903903903,1.4642925709887091,0.0,-3
6.28807,0,18.1,0,0.74,6.341,96.4,2.072,24,666.0,20.2,318.01,17.79,14.9,9.52102102102102,43.0272,2.136534227562381,-3.903903903903903,1.2442147632193512,0.0,-3
9.92485,0,18.1,0,0.74,6.251,96.6,2.198,24,666.0,20.2,388.52,16.44,12.6,9.385885885885886,42.724799999999995,2.1013423041680515,-3.903903903903903,1.2478396379395842,0.0,-3
9.32909,0,18.1,0,0.713,6.185,98.7,2.2616,24,666.0,20.2,396.9,18.13,14.1,9.286786786786786,42.57216,2.1140474911618803,-3.903903903903903,1.2322214377094127,0.0,-3
7.52601,0,18.1,0,0.713,6.417,98.3,2.185,24,666.0,20.2,304.21,19.31,13.0,9.635135135135135,42.756,2.1424887330940274,-3.903903903903903,1.2445159596451547,0.0,-3
6.71772,0,18.1,0,0.713,6.749,92.6,2.3236,24,666.0,20.2,0.32,17.44,13.4,10.133633633633632,42.42336,2.0321859229008536,-3.903903903903903,1.1838305334278751,0.0,-3
5.44114,0,18.1,0,0.713,6.655,98.2,2.3552,24,666.0,20.2,355.29,17.73,15.2,9.992492492492492,42.347519999999996,2.097860632981038,-3.903903903903903,1.177484289524895,0.0,-3
5.09017,0,18.1,0,0.713,6.297,91.8,2.3682,24,666.0,20.2,385.09,17.27,16.1,9.454954954954953,42.31632,2.0192560447342425,-3.903903903903903,1.1608463146130867,0.0,-3
8.24809,0,18.1,0,0.713,7.393,99.3,2.4527,24,666.0,20.2,375.87,16.74,17.8,11.1006006006006,42.11352,2.081871279477788,-3.903903903903903,1.1817158499568192,0.0,-3
9.51363,0,18.1,0,0.713,6.728,94.1,2.4961,24,666.0,20.2,6.68,18.71,14.9,10.102102102102101,42.00936,2.0826780647723,-3.903903903903903,1.2503000378266904,0.0,-3
4.75237,0,18.1,0,0.713,6.525,86.5,2.4358,24,666.0,20.2,50.92,18.13,14.1,9.797297297297296,42.15408,1.9884038248385023,-3.903903903903903,1.180780208385511,0.0,-3
4.66883,0,18.1,0,0.713,5.976,87.9,2.5806,24,666.0,20.2,10.48,19.01,12.7,8.972972972972972,41.80656,2.027104511188571,-3.903903903903903,1.2041237996339347,0.0,-3
8.20058,0,18.1,0,0.713,5.936,80.3,2.7792,24,666.0,20.2,3.5,16.94,13.5,8.912912912912912,41.32992,1.8917154809677974,-3.903903903903903,1.1867006128086897,0.0,-3
7.75223,0,18.1,0,0.713,6.301,83.7,2.7831,24,666.0,20.2,272.21,16.23,14.9,9.46096096096096,41.32055999999999,1.9071393174805298,-3.903903903903903,1.1620696554296779,0.0,-3
6.80117,0,18.1,0,0.713,6.081,84.4,2.7175,24,666.0,20.2,396.9,14.7,20.0,9.13063063063063,41.477999999999994,1.8721298372560053,-3.903903903903903,1.109161427289893,0.0,-3
4.81213,0,18.1,0,0.713,6.701,90.0,2.5975,24,666.0,20.2,255.23,16.42,16.4,10.061561561561561,41.766,1.9772637084840923,-3.903903903903903,1.1342664659134216,0.0,-3
3.69311,0,18.1,0,0.713,6.376,88.4,2.5671,24,666.0,20.2,391.43,14.65,17.7,9.573573573573574,41.83896,1.9119447910029672,-3.903903903903903,1.0728478913135622,0.0,-3
6.65492,0,18.1,0,0.713,6.317,83.0,2.7344,24,666.0,20.2,396.9,13.99,19.5,9.484984984984985,41.437439999999995,1.83812010013331,-3.903903903903903,1.0879260010726632,0.0,-3
5.82115,0,18.1,0,0.713,6.513,89.9,2.8016,24,666.0,20.2,393.82,10.29,20.2,9.779279279279278,41.27616,1.8070837319914115,-3.903903903903903,0.9764574970570506,0.0,-3
7.83932,0,18.1,0,0.655,6.209,65.4,2.9634,24,666.0,20.2,396.9,13.22,21.4,9.322822822822822,40.88784,1.516274859065967,-3.903903903903903,0.9606495671022329,0.0,-3
3.1636,0,18.1,0,0.655,5.759,48.2,3.0665,24,666.0,20.2,334.4,14.13,19.9,8.647147147147146,40.64039999999999,1.3642482621482903,-3.903903903903903,0.9332059769237949,0.0,-3
3.77498,0,18.1,0,0.655,5.952,84.7,2.8715,24,666.0,20.2,22.01,17.15,19.0,8.936936936936936,41.108399999999996,1.8234827283343527,-3.903903903903903,1.0234110740495488,0.0,-3
4.42228,0,18.1,0,0.584,6.003,94.5,2.5403,24,666.0,20.2,331.29,21.32,19.1,9.013513513513514,41.90328,1.8933852980261558,-3.903903903903903,0.9996622601675692,0.0,-3
15.5757,0,18.1,0,0.58,5.926,71.0,2.9084,24,666.0,20.2,368.74,18.13,19.1,8.897897897897897,41.019839999999995,1.555112025200439,-3.903903903903903,1.0287692765719587,0.0,-3
13.0751,0,18.1,0,0.58,5.713,56.7,2.8237,24,666.0,20.2,396.9,14.76,20.1,8.578078078078077,41.22312,1.3148500004336365,-3.903903903903903,0.9076719655044877,0.0,-3
4.34879,0,18.1,0,0.58,6.167,84.0,3.0334,24,666.0,20.2,396.9,16.29,19.9,9.25975975975976,40.71984,1.6382219935314875,-3.903903903903903,0.8518088881193016,0.0,-3
4.03841,0,18.1,0,0.532,6.229,90.7,3.0993,24,666.0,20.2,395.33,12.87,19.6,9.352852852852852,40.56168,1.5140867303716874,-3.903903903903903,0.6551839987279624,0.0,-3
3.56868,0,18.1,0,0.58,6.437,75.0,2.8965,24,666.0,20.2,393.37,14.36,23.2,9.665165165165165,41.0484,1.4922779723248842,-3.903903903903903,0.7897845691685731,0.0,-3
4.64689,0,18.1,0,0.614,6.98,67.6,2.5329,24,666.0,20.2,374.68,11.66,29.8,10.48048048048048,41.92104,1.4115234161152814,-3.903903903903903,0.7973589260836795,0.0,-3
8.05579,0,18.1,0,0.584,5.427,95.4,2.4298,24,666.0,20.2,352.58,18.14,13.8,8.148648648648647,42.168479999999995,1.8149057487119375,-3.903903903903903,0.952753692134498,0.0,-3
6.39312,0,18.1,0,0.584,6.162,97.4,2.206,24,666.0,20.2,302.76,24.1,13.3,9.252252252252251,42.7056,1.9999622322079351,-3.903903903903903,1.0985248433626396,0.0,-3
4.87141,0,18.1,0,0.614,6.484,93.6,2.3053,24,666.0,20.2,396.21,18.68,16.7,9.735735735735735,42.46728,1.8729972159120363,-3.903903903903903,0.9935910860220126,0.0,-3
15.0234,0,18.1,0,0.614,5.304,97.3,2.1007,24,666.0,20.2,349.48,24.91,12.0,7.963963963963964,42.95832,2.083011754529742,-3.903903903903903,1.2796064981868345,0.0,-3
10.233,0,18.1,0,0.614,6.185,96.7,2.1705,24,666.0,20.2,379.7,18.03,14.6,9.286786786786786,42.7908,1.8869870832116273,-3.903903903903903,1.035918082568844,0.0,-3
14.3337,0,18.1,0,0.614,6.229,88.0,1.9512,24,666.0,20.2,383.32,13.11,21.4,9.352852852852852,43.317119999999996,1.6616271415934416,-3.903903903903903,0.9462473724602006,0.0,-3
5.82401,0,18.1,0,0.532,6.242,64.7,3.4242,24,666.0,20.2,396.9,10.74,23.0,9.372372372372372,39.78192,1.1875467054093696,-3.903903903903903,0.6164788777714385,0.0,-3
5.70818,0,18.1,0,0.532,6.75,74.9,3.3317,24,666.0,20.2,393.07,7.74,23.7,10.135135135135135,40.003919999999994,1.2098115924310104,-3.903903903903903,0.5323955195451406,0.0,-3
5.73116,0,18.1,0,0.532,7.061,77.0,3.4106,24,666.0,20.2,395.28,7.01,25.0,10.602102102102101,39.81456,1.2112952930377905,-3.903903903903903,0.5125103213457979,0.0,-3
2.81838,0,18.1,0,0.532,5.762,40.3,4.0983,24,666.0,20.2,392.92,10.42,21.8,8.651651651651651,38.16408,0.9274293506875584,-3.903903903903903,0.5738662991727598,0.0,-3
2.37857,0,18.1,0,0.583,5.871,41.9,3.724,24,666.0,20.2,370.73,13.34,20.6,8.815315315315315,39.0624,1.129419431605851,-3.903903903903903,0.7544351638535453,0.0,-3
3.67367,0,18.1,0,0.583,6.312,51.9,3.9917,24,666.0,20.2,388.62,10.58,21.2,9.477477477477477,38.41992,1.1562471029489736,-3.903903903903903,0.6928328351994044,0.0,-3
5.69175,0,18.1,0,0.583,6.114,79.8,3.5459,24,666.0,20.2,392.68,14.98,19.1,9.18018018018018,39.48984,1.5649925532369044,-3.903903903903903,0.8369283713595792,0.0,-3
4.83567,0,18.1,0,0.583,5.905,53.2,3.1523,24,666.0,20.2,388.22,11.45,20.6,8.866366366366366,40.43448,1.1936419849917916,-3.903903903903903,0.7299000575504215,0.0,-3
0.15086,0,27.74,0,0.609,5.454,92.7,1.8209,4,711.0,20.1,395.09,18.06,15.2,7.670886075949367,7.27164,1.836332187241353,-3.5864978902953597,0.9131370085623918,0.0,2
0.18337,0,27.74,0,0.609,5.414,98.3,1.7554,4,711.0,20.1,344.05,23.97,7.0,7.614627285513361,7.29784,2.0570841600146936,-3.5864978902953597,1.076581883322701,0.0,2
0.20746,0,27.74,0,0.609,5.093,98.0,1.8226,4,711.0,20.1,318.43,29.68,8.1,7.163150492264417,7.27096,2.211555268064245,-3.5864978902953597,1.2344133555162158,0.0,2
0.10574,0,27.74,0,0.609,5.983,98.8,1.8681,4,711.0,20.1,390.11,18.07,13.6,8.414908579465541,7.252760000000001,1.8994299585928873,-3.5864978902953597,0.9129058088309543,0.0,2
0.11132,0,27.74,0,0.609,5.983,83.5,2.1099,4,711.0,20.1,396.9,13.35,20.1,8.414908579465541,7.156040000000001,1.6116176170228984,-3.5864978902953597,0.7827257010785169,0.0,2
0.17331,0,9.69,0,0.585,5.707,54.0,2.3817,6,391.0,19.2,396.9,12.01,21.8,14.595907928388746,10.57098,1.2214486788998244,-5.37084398976982,0.69706402024366,0.0,0
0.27957,0,9.69,0,0.585,5.926,42.6,2.3817,6,391.0,19.2,396.9,13.59,24.5,15.156010230179028,10.57098,1.1476421755112693,-5.37084398976982,0.7418565910192878,0.0,0
0.17899,0,9.69,0,0.585,5.67,28.8,2.7986,6,391.0,19.2,393.29,17.6,23.1,14.501278772378516,10.320839999999999,1.116171865437451,-5.37084398976982,0.8513773101977964,0.0,0
0.2896,0,9.69,0,0.585,5.39,72.9,2.7986,6,391.0,19.2,396.9,21.14,19.7,13.785166240409206,10.320839999999999,1.6680249424182383,-5.37084398976982,0.9503026591343249,0.0,0
0.26838,0,9.69,0,0.585,5.794,70.6,2.8927,6,391.0,19.2,396.9,14.1,18.3,14.818414322250637,10.26438,1.450077536066715,-5.37084398976982,0.7558036657993867,0.0,0
0.23912,0,9.69,0,0.585,6.019,65.3,2.4091,6,391.0,19.2,396.9,12.92,21.2,15.39386189258312,10.554540000000001,1.3629339254424981,-5.37084398976982,0.7229140840523915,0.0,0
0.17783,0,9.69,0,0.585,5.569,73.5,2.3999,6,391.0,19.2,395.77,15.1,17.5,14.242966751918157,10.56006,1.5075374724559998,-5.37084398976982,0.782379724616111,0.0,0
0.22438,0,9.69,0,0.585,6.027,79.7,2.4982,6,391.0,19.2,396.9,14.33,16.8,15.414322250639385,10.50108,1.550141931116992,-5.37084398976982,0.7616556947745106,0.0,0
0.06263,0,11.93,0,0.573,6.593,69.1,2.4786,1,273.0,21.0,391.99,9.67,22.4,24.15018315018315,1.75214,1.2876975681794074,-10.989010989010989,0.6065591092807747,0.0,5
0.04527,0,11.93,0,0.573,6.12,76.7,2.2875,1,273.0,21.0,396.9,9.08,20.6,22.417582417582416,1.77125,1.3496870399012846,-10.989010989010989,0.5900836338654973,0.0,5
0.06076,0,11.93,0,0.573,6.976,91.0,2.1675,1,273.0,21.0,396.9,5.64,23.9,25.55311355311355,1.78325,1.4020351573833187,-10.989010989010989,0.49533500042391726,0.0,5
0.10959,0,11.93,0,0.573,6.794,89.3,2.3889,1,273.0,21.0,393.45,6.48,22.0,24.886446886446883,1.7611100000000002,1.4077062413344579,-10.989010989010989,0.5190626457977157,0.0,5
0.04741,0,11.93,0,0.573,6.03,80.8,2.505,1,273.0,21.0,396.9,7.88,11.9,22.087912087912088,1.7495000000000003,1.3587989679334218,-10.989010989010989,0.5569951041680729,0.0,5
